Kennziffer,Wert,Zeitbezug
111,12.09,2012
111,11.04,2013
111,11.07,2014
111,11.66,2015
111,11.76,2016
111,11.9,2017
111,12.1,2018
111,12.26,2019
111,12.28,2020
01,11.58,2012
01,10.6,2013
01,10.58,2014
01,11.43,2015
01,11.57,2016
01,11.8,2017
01,11.99,2018
01,12.12,2019
01,12.21,2020
02,11.78,2012
02,11.49,2013
02,11.77,2014
02,12.05,2015
02,12.26,2016
02,12.58,2017
02,12.79,2018
02,13.07,2019
02,13.12,2020
03,12.09,2012
03,10.91,2013
03,10.91,2014
03,11.58,2015
03,11.69,2016
03,11.79,2017
03,11.99,2018
03,12.15,2019
03,12.24,2020
04,12.65,2012
04,12.19,2013
04,12.5,2014
04,13.49,2015
04,13.93,2016
04,14.55,2017
04,14.95,2018
04,15.23,2019
04,15.49,2020
05,14.0,2012
05,12.95,2013
05,13.11,2014
05,13.76,2015
05,13.95,2016
05,14.09,2017
05,14.32,2018
05,14.5,2019
05,14.55,2020
06,12.78,2012
06,11.93,2013
06,12.14,2014
06,12.72,2015
06,12.88,2016
06,13.04,2017
06,13.28,2018
06,13.5,2019
06,13.56,2020
07,13.68,2012
07,12.48,2013
07,12.51,2014
07,13.11,2015
07,13.11,2016
07,13.15,2017
07,13.28,2018
07,13.48,2019
07,13.52,2020
08,14.9,2012
08,13.59,2013
08,13.58,2014
08,14.0,2015
08,13.93,2016
08,13.98,2017
08,14.06,2018
08,14.02,2019
08,13.84,2020
09,12.84,2012
09,11.57,2013
09,11.43,2014
09,11.75,2015
09,11.72,2016
09,11.72,2017
09,11.79,2018
09,11.8,2019
09,11.65,2020
10,14.57,2012
10,13.24,2013
10,13.16,2014
10,13.36,2015
10,13.23,2016
10,13.31,2017
10,13.56,2018
10,13.65,2019
10,13.52,2020
11,10.69,2012
11,10.23,2013
11,10.27,2014
11,10.68,2015
11,10.77,2016
11,11.08,2017
11,11.26,2018
11,11.49,2019
11,11.54,2020
12,6.36,2012
12,5.56,2013
12,5.53,2014
12,6.25,2015
12,6.5,2016
12,6.72,2017
12,7.02,2018
12,7.34,2019
12,7.63,2020
13,5.89,2012
13,5.1,2013
13,5.12,2014
13,6.14,2015
13,6.31,2016
13,6.55,2017
13,6.89,2018
13,7.31,2019
13,7.59,2020
14,5.73,2012
14,4.78,2013
14,4.71,2014
14,5.49,2015
14,5.72,2016
14,5.99,2017
14,6.32,2018
14,6.65,2019
14,6.9,2020
15,6.13,2012
15,5.2,2013
15,5.07,2014
15,5.92,2015
15,6.12,2016
15,6.37,2017
15,6.63,2018
15,6.95,2019
15,7.25,2020
16,5.85,2012
16,4.91,2013
16,4.85,2014
16,5.72,2015
16,5.92,2016
16,6.13,2017
16,6.53,2018
16,6.79,2019
16,7.01,2020
01001000,14.56,2012
01001000,13.13,2013
01001000,13.43,2014
01001000,15.02,2015
01001000,15.24,2016
01001000,15.7,2017
01001000,15.98,2018
01001000,16.59,2019
01001000,16.89,2020
01002000,13.24,2012
01002000,12.52,2013
01002000,12.63,2014
01002000,13.17,2015
01002000,13.5,2016
01002000,13.88,2017
01002000,14.19,2018
01002000,14.4,2019
01002000,14.54,2020
01003000,12.79,2012
01003000,11.57,2013
01003000,11.73,2014
01003000,12.03,2015
01003000,12.37,2016
01003000,12.85,2017
01003000,13.06,2018
01003000,13.17,2019
01003000,13.25,2020
01004000,14.11,2012
01004000,12.98,2013
01004000,12.68,2014
01004000,14.2,2015
01004000,14.52,2016
01004000,14.99,2017
01004000,15.52,2018
01004000,15.94,2019
01004000,16.33,2020
01051000,12.73,2012
01051000,11.53,2013
01051000,11.21,2014
01051000,12.7,2015
01051000,12.52,2016
01051000,12.66,2017
01051000,12.67,2018
01051000,12.83,2019
01051000,12.78,2020
01053000,10.89,2012
01053000,9.98,2013
01053000,10.02,2014
01053000,10.75,2015
01053000,10.68,2016
01053000,10.78,2017
01053000,10.92,2018
01053000,11.25,2019
01053000,11.5,2020
01054000,10.84,2012
01054000,10.08,2013
01054000,10.11,2014
01054000,11.61,2015
01054000,11.64,2016
01054000,11.72,2017
01054000,11.83,2018
01054000,11.73,2019
01054000,11.9,2020
01055000,10.99,2012
01055000,10.22,2013
01055000,10.09,2014
01055000,10.37,2015
01055000,10.61,2016
01055000,10.59,2017
01055000,10.77,2018
01055000,10.83,2019
01055000,10.56,2020
01056000,11.23,2012
01056000,10.56,2013
01056000,10.54,2014
01056000,10.91,2015
01056000,11.04,2016
01056000,11.39,2017
01056000,11.86,2018
01056000,11.95,2019
01056000,12.13,2020
01057000,10.31,2012
01057000,9.33,2013
01057000,9.27,2014
01057000,10.18,2015
01057000,10.42,2016
01057000,10.7,2017
01057000,10.67,2018
01057000,10.67,2019
01057000,10.73,2020
01058000,10.8,2012
01058000,9.79,2013
01058000,9.56,2014
01058000,10.96,2015
01058000,10.98,2016
01058000,11.05,2017
01058000,11.06,2018
01058000,11.25,2019
01058000,11.5,2020
01059000,11.99,2012
01059000,10.55,2013
01059000,10.72,2014
01059000,12.14,2015
01059000,12.22,2016
01059000,12.32,2017
01059000,12.23,2018
01059000,12.0,2019
01059000,11.9,2020
01060000,11.34,2012
01060000,10.36,2013
01060000,10.36,2014
01060000,11.2,2015
01060000,11.23,2016
01060000,11.35,2017
01060000,11.44,2018
01060000,11.66,2019
01060000,11.66,2020
01061000,12.2,2012
01061000,10.63,2013
01061000,10.54,2014
01061000,11.58,2015
01061000,11.93,2016
01061000,12.09,2017
01061000,12.46,2018
01061000,12.65,2019
01061000,12.64,2020
01062000,9.9,2012
01062000,8.94,2013
01062000,8.97,2014
01062000,9.38,2015
01062000,9.52,2016
01062000,9.85,2017
01062000,10.1,2018
01062000,10.08,2019
01062000,10.26,2020
02000000,11.78,2012
02000000,11.49,2013
02000000,11.77,2014
02000000,12.05,2015
02000000,12.26,2016
02000000,12.58,2017
02000000,12.79,2018
02000000,13.07,2019
02000000,13.12,2020
03101000,10.5,2012
03101000,9.74,2013
03101000,9.86,2014
03101000,10.64,2015
03101000,10.51,2016
03101000,10.73,2017
03101000,10.94,2018
03101000,11.15,2019
03101000,11.12,2020
03102000,13.64,2012
03102000,12.7,2013
03102000,12.94,2014
03102000,14.09,2015
03102000,14.33,2016
03102000,14.36,2017
03102000,14.71,2018
03102000,15.19,2019
03102000,15.28,2020
03103000,7.89,2012
03103000,7.81,2013
03103000,8.04,2014
03103000,8.3,2015
03103000,8.83,2016
03103000,8.85,2017
03103000,9.1,2018
03103000,9.46,2019
03103000,9.72,2020
03151000,10.45,2012
03151000,9.39,2013
03151000,9.49,2014
03151000,10.09,2015
03151000,10.11,2016
03151000,9.97,2017
03151000,10.01,2018
03151000,9.87,2019
03151000,9.9,2020
03153000,11.24,2012
03153000,9.81,2013
03153000,9.67,2014
03153000,10.78,2015
03153000,10.89,2016
03153000,11.13,2017
03153000,11.24,2018
03153000,11.68,2019
03153000,11.73,2020
03154000,10.01,2012
03154000,8.77,2013
03154000,8.86,2014
03154000,9.23,2015
03154000,9.38,2016
03154000,9.14,2017
03154000,9.32,2018
03154000,9.62,2019
03154000,9.6,2020
03155000,11.76,2012
03155000,10.53,2013
03155000,10.34,2014
03155000,11.51,2015
03155000,11.71,2016
03155000,11.96,2017
03155000,12.03,2018
03155000,11.85,2019
03155000,11.96,2020
03157000,11.98,2012
03157000,10.73,2013
03157000,10.64,2014
03157000,11.59,2015
03157000,11.71,2016
03157000,11.77,2017
03157000,11.9,2018
03157000,11.85,2019
03157000,11.8,2020
03158000,9.94,2012
03158000,8.69,2013
03158000,8.79,2014
03158000,9.96,2015
03158000,10.18,2016
03158000,10.22,2017
03158000,10.36,2018
03158000,10.35,2019
03158000,10.25,2020
03159000,12.05,2012
03159000,10.67,2013
03159000,10.6,2014
03159000,11.47,2015
03159000,11.57,2016
03159000,11.68,2017
03159000,11.7,2018
03159000,12.0,2019
03159000,11.98,2020
03241000,12.39,2012
03241000,11.41,2013
03241000,11.52,2014
03241000,11.98,2015
03241000,11.99,2016
03241000,12.17,2017
03241000,12.5,2018
03241000,12.79,2019
03241000,12.86,2020
03251000,12.35,2012
03251000,11.05,2013
03251000,10.94,2014
03251000,11.1,2015
03251000,11.13,2016
03251000,11.13,2017
03251000,11.31,2018
03251000,11.4,2019
03251000,11.31,2020
03252000,12.24,2012
03252000,11.27,2013
03252000,11.17,2014
03252000,11.37,2015
03252000,11.45,2016
03252000,11.4,2017
03252000,11.78,2018
03252000,12.03,2019
03252000,12.14,2020
03254000,12.53,2012
03254000,10.99,2013
03254000,10.97,2014
03254000,11.21,2015
03254000,11.36,2016
03254000,11.41,2017
03254000,11.59,2018
03254000,11.6,2019
03254000,11.69,2020
03255000,14.65,2012
03255000,12.89,2013
03255000,12.68,2014
03255000,13.84,2015
03255000,13.84,2016
03255000,13.59,2017
03255000,13.95,2018
03255000,13.69,2019
03255000,13.77,2020
03256000,13.19,2012
03256000,11.82,2013
03256000,11.89,2014
03256000,13.52,2015
03256000,13.62,2016
03256000,13.67,2017
03256000,13.8,2018
03256000,13.9,2019
03256000,14.08,2020
03257000,11.91,2012
03257000,10.71,2013
03257000,10.57,2014
03257000,10.65,2015
03257000,10.83,2016
03257000,10.92,2017
03257000,11.33,2018
03257000,11.43,2019
03257000,11.81,2020
03351000,12.26,2012
03351000,10.82,2013
03351000,10.74,2014
03351000,11.34,2015
03351000,11.55,2016
03351000,11.53,2017
03351000,11.59,2018
03351000,11.77,2019
03351000,12.12,2020
03352000,11.99,2012
03352000,11.0,2013
03352000,10.93,2014
03352000,11.67,2015
03352000,11.85,2016
03352000,12.01,2017
03352000,11.87,2018
03352000,11.96,2019
03352000,11.87,2020
03353000,10.39,2012
03353000,9.3,2013
03353000,9.33,2014
03353000,9.77,2015
03353000,9.89,2016
03353000,10.02,2017
03353000,10.3,2018
03353000,10.39,2019
03353000,10.47,2020
03354000,10.64,2012
03354000,9.39,2013
03354000,9.27,2014
03354000,8.99,2015
03354000,9.39,2016
03354000,9.66,2017
03354000,9.56,2018
03354000,9.31,2019
03354000,9.63,2020
03355000,11.22,2012
03355000,9.88,2013
03355000,9.92,2014
03355000,11.06,2015
03355000,11.17,2016
03355000,11.2,2017
03355000,11.45,2018
03355000,11.73,2019
03355000,11.76,2020
03356000,10.86,2012
03356000,9.85,2013
03356000,9.91,2014
03356000,10.38,2015
03356000,10.48,2016
03356000,10.52,2017
03356000,10.73,2018
03356000,10.75,2019
03356000,10.55,2020
03357000,13.01,2012
03357000,11.59,2013
03357000,11.47,2014
03357000,12.27,2015
03357000,12.28,2016
03357000,12.52,2017
03357000,12.51,2018
03357000,12.69,2019
03357000,12.7,2020
03358000,12.67,2012
03358000,11.56,2013
03358000,11.43,2014
03358000,12.73,2015
03358000,12.95,2016
03358000,12.84,2017
03358000,12.85,2018
03358000,12.86,2019
03358000,13.11,2020
03359000,12.09,2012
03359000,10.99,2013
03359000,11.17,2014
03359000,11.89,2015
03359000,12.09,2016
03359000,12.15,2017
03359000,12.16,2018
03359000,12.17,2019
03359000,12.23,2020
03360000,12.06,2012
03360000,10.66,2013
03360000,10.69,2014
03360000,10.98,2015
03360000,11.13,2016
03360000,10.98,2017
03360000,10.97,2018
03360000,11.06,2019
03360000,11.18,2020
03361000,12.5,2012
03361000,11.46,2013
03361000,11.41,2014
03361000,12.22,2015
03361000,12.39,2016
03361000,12.51,2017
03361000,12.58,2018
03361000,12.59,2019
03361000,12.68,2020
03401000,13.92,2012
03401000,12.71,2013
03401000,12.68,2014
03401000,13.05,2015
03401000,13.3,2016
03401000,13.76,2017
03401000,13.79,2018
03401000,14.05,2019
03401000,14.66,2020
03402000,12.42,2012
03402000,11.29,2013
03402000,11.51,2014
03402000,11.91,2015
03402000,12.2,2016
03402000,12.5,2017
03402000,12.94,2018
03402000,12.69,2019
03402000,12.94,2020
03403000,11.06,2012
03403000,10.14,2013
03403000,10.23,2014
03403000,11.29,2015
03403000,11.4,2016
03403000,11.74,2017
03403000,12.27,2018
03403000,12.57,2019
03403000,12.97,2020
03404000,13.38,2012
03404000,12.34,2013
03404000,12.35,2014
03404000,13.17,2015
03404000,13.22,2016
03404000,13.76,2017
03404000,14.14,2018
03404000,14.68,2019
03404000,14.97,2020
03405000,14.21,2012
03405000,13.01,2013
03405000,12.93,2014
03405000,13.15,2015
03405000,13.3,2016
03405000,13.58,2017
03405000,14.01,2018
03405000,14.51,2019
03405000,14.82,2020
03451000,11.54,2012
03451000,10.53,2013
03451000,10.28,2014
03451000,10.52,2015
03451000,10.57,2016
03451000,10.56,2017
03451000,10.66,2018
03451000,10.7,2019
03451000,10.85,2020
03452000,11.52,2012
03452000,10.57,2013
03452000,10.63,2014
03452000,11.13,2015
03452000,11.39,2016
03452000,11.36,2017
03452000,11.53,2018
03452000,11.73,2019
03452000,11.71,2020
03453000,15.79,2012
03453000,14.67,2013
03453000,14.62,2014
03453000,15.65,2015
03453000,15.76,2016
03453000,15.92,2017
03453000,16.12,2018
03453000,16.31,2019
03453000,16.65,2020
03454000,11.53,2012
03454000,9.76,2013
03454000,9.74,2014
03454000,10.97,2015
03454000,11.02,2016
03454000,11.2,2017
03454000,11.59,2018
03454000,11.72,2019
03454000,11.88,2020
03455000,11.32,2012
03455000,10.28,2013
03455000,10.37,2014
03455000,10.35,2015
03455000,10.48,2016
03455000,10.38,2017
03455000,10.22,2018
03455000,10.34,2019
03455000,10.4,2020
03456000,11.94,2012
03456000,10.09,2013
03456000,10.01,2014
03456000,11.28,2015
03456000,11.41,2016
03456000,11.45,2017
03456000,11.74,2018
03456000,12.06,2019
03456000,12.12,2020
03457000,12.18,2012
03457000,10.66,2013
03457000,10.75,2014
03457000,11.72,2015
03457000,11.66,2016
03457000,11.57,2017
03457000,11.65,2018
03457000,11.59,2019
03457000,11.63,2020
03458000,10.78,2012
03458000,9.78,2013
03458000,9.65,2014
03458000,10.08,2015
03458000,10.85,2016
03458000,11.1,2017
03458000,11.42,2018
03458000,11.61,2019
03458000,11.63,2020
03459000,13.54,2012
03459000,12.2,2013
03459000,12.1,2014
03459000,12.36,2015
03459000,12.34,2016
03459000,12.36,2017
03459000,12.42,2018
03459000,12.48,2019
03459000,12.58,2020
03460000,14.83,2012
03460000,13.75,2013
03460000,13.63,2014
03460000,14.63,2015
03460000,14.76,2016
03460000,14.91,2017
03460000,15.16,2018
03460000,15.37,2019
03460000,15.54,2020
03461000,14.05,2012
03461000,12.19,2013
03461000,12.15,2014
03461000,12.41,2015
03461000,12.51,2016
03461000,12.59,2017
03461000,12.73,2018
03461000,12.91,2019
03461000,12.7,2020
03462000,11.11,2012
03462000,10.19,2013
03462000,9.94,2014
03462000,11.38,2015
03462000,11.38,2016
03462000,11.69,2017
03462000,11.79,2018
03462000,11.8,2019
03462000,11.87,2020
04011000,12.08,2012
04011000,11.77,2013
04011000,12.09,2014
04011000,13.05,2015
04011000,13.55,2016
04011000,14.12,2017
04011000,14.54,2018
04011000,14.84,2019
04011000,15.13,2020
04012000,15.59,2012
04012000,14.33,2013
04012000,14.61,2014
04012000,15.73,2015
04012000,15.91,2016
04012000,16.73,2017
04012000,17.03,2018
04012000,17.23,2019
04012000,17.36,2020
05111000,12.31,2012
05111000,11.91,2013
05111000,12.04,2014
05111000,12.16,2015
05111000,12.39,2016
05111000,12.51,2017
05111000,12.7,2018
05111000,12.81,2019
05111000,12.73,2020
05112000,17.08,2012
05112000,15.95,2013
05112000,16.03,2014
05112000,16.88,2015
05112000,17.2,2016
05112000,17.67,2017
05112000,18.13,2018
05112000,18.44,2019
05112000,18.78,2020
05113000,12.64,2012
05113000,11.86,2013
05113000,12.04,2014
05113000,12.65,2015
05113000,13.79,2016
05113000,13.98,2017
05113000,14.13,2018
05113000,14.44,2019
05113000,14.64,2020
05114000,14.02,2012
05114000,13.33,2013
05114000,13.69,2014
05114000,14.36,2015
05114000,14.76,2016
05114000,15.2,2017
05114000,15.46,2018
05114000,15.53,2019
05114000,15.81,2020
05116000,14.68,2012
05116000,13.96,2013
05116000,14.26,2014
05116000,14.68,2015
05116000,14.9,2016
05116000,15.27,2017
05116000,15.73,2018
05116000,16.14,2019
05116000,16.53,2020
05117000,13.51,2012
05117000,12.48,2013
05117000,12.66,2014
05117000,12.58,2015
05117000,12.65,2016
05117000,12.58,2017
05117000,12.64,2018
05117000,13.08,2019
05117000,13.05,2020
05119000,14.46,2012
05119000,13.29,2013
05119000,13.27,2014
05119000,14.41,2015
05119000,14.53,2016
05119000,14.64,2017
05119000,14.84,2018
05119000,15.07,2019
05119000,15.32,2020
05120000,16.77,2012
05120000,15.62,2013
05120000,16.05,2014
05120000,16.82,2015
05120000,16.99,2016
05120000,17.35,2017
05120000,17.55,2018
05120000,17.79,2019
05120000,17.78,2020
05122000,17.18,2012
05122000,16.46,2013
05122000,16.54,2014
05122000,17.83,2015
05122000,17.88,2016
05122000,18.01,2017
05122000,18.29,2018
05122000,18.28,2019
05122000,18.03,2020
05124000,17.15,2012
05124000,16.37,2013
05124000,16.57,2014
05124000,17.13,2015
05124000,17.22,2016
05124000,17.45,2017
05124000,17.81,2018
05124000,18.01,2019
05124000,17.99,2020
05154000,13.12,2012
05154000,11.72,2013
05154000,11.77,2014
05154000,12.12,2015
05154000,12.28,2016
05154000,12.54,2017
05154000,12.54,2018
05154000,12.69,2019
05154000,12.88,2020
05158000,13.01,2012
05158000,12.38,2013
05158000,12.51,2014
05158000,12.67,2015
05158000,12.68,2016
05158000,12.74,2017
05158000,12.83,2018
05158000,12.87,2019
05158000,12.83,2020
05162000,12.85,2012
05162000,12.05,2013
05162000,12.24,2014
05162000,12.37,2015
05162000,12.46,2016
05162000,12.61,2017
05162000,12.76,2018
05162000,12.86,2019
05162000,12.92,2020
05166000,12.65,2012
05166000,11.64,2013
05166000,11.83,2014
05166000,12.12,2015
05166000,12.16,2016
05166000,12.26,2017
05166000,12.36,2018
05166000,12.37,2019
05166000,12.39,2020
05170000,13.15,2012
05170000,11.47,2013
05170000,11.44,2014
05170000,11.73,2015
05170000,11.79,2016
05170000,11.96,2017
05170000,12.2,2018
05170000,12.2,2019
05170000,12.38,2020
05314000,13.05,2012
05314000,12.36,2013
05314000,12.66,2014
05314000,13.3,2015
05314000,13.47,2016
05314000,13.53,2017
05314000,13.64,2018
05314000,14.05,2019
05314000,14.18,2020
05315000,14.02,2012
05315000,13.42,2013
05315000,13.65,2014
05315000,14.18,2015
05315000,14.37,2016
05315000,14.51,2017
05315000,14.72,2018
05315000,14.86,2019
05315000,14.78,2020
05316000,13.82,2012
05316000,12.95,2013
05316000,13.03,2014
05316000,13.97,2015
05316000,13.95,2016
05316000,14.18,2017
05316000,14.48,2018
05316000,14.67,2019
05316000,14.74,2020
05334000,14.89,2012
05334000,13.9,2013
05334000,14.19,2014
05334000,15.07,2015
05334000,15.32,2016
05334000,15.36,2017
05334000,15.83,2018
05334000,16.14,2019
05334000,16.12,2020
05358000,14.95,2012
05358000,13.57,2013
05358000,13.8,2014
05358000,14.84,2015
05358000,14.81,2016
05358000,15.03,2017
05358000,15.04,2018
05358000,15.12,2019
05358000,15.06,2020
05362000,13.18,2012
05362000,12.41,2013
05362000,12.66,2014
05362000,12.83,2015
05362000,13.03,2016
05362000,13.09,2017
05362000,13.25,2018
05362000,13.45,2019
05362000,13.42,2020
05366000,15.02,2012
05366000,13.64,2013
05366000,13.72,2014
05366000,13.83,2015
05366000,13.74,2016
05366000,13.59,2017
05366000,13.84,2018
05366000,13.78,2019
05366000,13.75,2020
05370000,14.68,2012
05370000,13.22,2013
05370000,13.29,2014
05370000,14.86,2015
05370000,15.03,2016
05370000,15.2,2017
05370000,15.31,2018
05370000,15.09,2019
05370000,15.26,2020
05374000,16.08,2012
05374000,14.65,2013
05374000,14.6,2014
05374000,15.33,2015
05374000,15.33,2016
05374000,15.27,2017
05374000,15.3,2018
05374000,15.24,2019
05374000,14.98,2020
05378000,11.51,2012
05378000,10.46,2013
05378000,10.62,2014
05378000,11.32,2015
05378000,11.31,2016
05378000,11.43,2017
05378000,11.71,2018
05378000,11.74,2019
05378000,11.51,2020
05382000,13.15,2012
05382000,12.22,2013
05382000,12.36,2014
05382000,13.05,2015
05382000,13.08,2016
05382000,13.08,2017
05382000,13.2,2018
05382000,13.35,2019
05382000,13.33,2020
05512000,12.73,2012
05512000,11.71,2013
05512000,12.01,2014
05512000,13.17,2015
05512000,13.14,2016
05512000,13.11,2017
05512000,13.48,2018
05512000,13.51,2019
05512000,13.47,2020
05513000,14.17,2012
05513000,13.44,2013
05513000,13.75,2014
05513000,15.57,2015
05513000,15.98,2016
05513000,16.38,2017
05513000,16.76,2018
05513000,17.41,2019
05513000,17.66,2020
05515000,11.98,2012
05515000,11.13,2013
05515000,11.25,2014
05515000,12.34,2015
05515000,12.48,2016
05515000,12.71,2017
05515000,12.87,2018
05515000,13.24,2019
05515000,13.29,2020
05554000,13.62,2012
05554000,11.77,2013
05554000,11.68,2014
05554000,12.93,2015
05554000,12.95,2016
05554000,13.05,2017
05554000,13.12,2018
05554000,13.1,2019
05554000,13.02,2020
05558000,10.62,2012
05558000,9.33,2013
05558000,9.48,2014
05558000,10.53,2015
05558000,10.8,2016
05558000,10.84,2017
05558000,11.01,2018
05558000,11.04,2019
05558000,11.13,2020
05562000,12.75,2012
05562000,11.75,2013
05562000,11.87,2014
05562000,11.99,2015
05562000,12.14,2016
05562000,12.34,2017
05562000,12.63,2018
05562000,12.95,2019
05562000,13.21,2020
05566000,13.2,2012
05566000,11.89,2013
05566000,12.1,2014
05566000,13.28,2015
05566000,13.36,2016
05566000,13.53,2017
05566000,13.74,2018
05566000,13.93,2019
05566000,14.0,2020
05570000,13.02,2012
05570000,11.65,2013
05570000,11.78,2014
05570000,12.98,2015
05570000,13.2,2016
05570000,13.45,2017
05570000,13.73,2018
05570000,13.87,2019
05570000,13.87,2020
05711000,16.16,2012
05711000,15.02,2013
05711000,15.18,2014
05711000,15.63,2015
05711000,15.75,2016
05711000,15.89,2017
05711000,16.38,2018
05711000,16.57,2019
05711000,16.83,2020
05754000,15.65,2012
05754000,14.4,2013
05754000,14.56,2014
05754000,14.86,2015
05754000,15.13,2016
05754000,15.41,2017
05754000,15.96,2018
05754000,16.07,2019
05754000,16.33,2020
05758000,14.64,2012
05758000,13.4,2013
05758000,13.51,2014
05758000,14.65,2015
05758000,14.64,2016
05758000,14.92,2017
05758000,15.11,2018
05758000,15.19,2019
05758000,15.3,2020
05762000,14.13,2012
05762000,12.15,2013
05762000,12.21,2014
05762000,13.1,2015
05762000,13.02,2016
05762000,12.98,2017
05762000,12.91,2018
05762000,12.77,2019
05762000,12.51,2020
05766000,14.39,2012
05766000,12.98,2013
05766000,12.9,2014
05766000,13.52,2015
05766000,13.48,2016
05766000,13.51,2017
05766000,13.56,2018
05766000,13.82,2019
05766000,13.97,2020
05770000,14.75,2012
05770000,13.17,2013
05770000,13.28,2014
05770000,14.37,2015
05770000,14.38,2016
05770000,14.39,2017
05770000,14.61,2018
05770000,14.67,2019
05770000,14.6,2020
05774000,14.77,2012
05774000,13.31,2013
05774000,13.36,2014
05774000,13.42,2015
05774000,13.57,2016
05774000,13.54,2017
05774000,13.71,2018
05774000,13.74,2019
05774000,13.71,2020
05911000,13.39,2012
05911000,12.4,2013
05911000,12.55,2014
05911000,12.81,2015
05911000,13.12,2016
05911000,13.25,2017
05911000,13.48,2018
05911000,14.19,2019
05911000,14.51,2020
05913000,12.92,2012
05913000,12.31,2013
05913000,12.71,2014
05913000,14.07,2015
05913000,14.41,2016
05913000,14.88,2017
05913000,15.37,2018
05913000,15.71,2019
05913000,16.14,2020
05914000,16.96,2012
05914000,16.24,2013
05914000,16.47,2014
05914000,17.57,2015
05914000,17.84,2016
05914000,18.11,2017
05914000,18.7,2018
05914000,18.97,2019
05914000,19.11,2020
05915000,15.21,2012
05915000,13.84,2013
05915000,14.2,2014
05915000,14.39,2015
05915000,14.73,2016
05915000,15.24,2017
05915000,15.74,2018
05915000,16.26,2019
05915000,16.5,2020
05916000,14.42,2012
05916000,13.67,2013
05916000,13.81,2014
05916000,14.19,2015
05916000,14.61,2016
05916000,15.07,2017
05916000,15.61,2018
05916000,16.31,2019
05916000,16.81,2020
05954000,12.75,2012
05954000,11.69,2013
05954000,11.79,2014
05954000,12.96,2015
05954000,13.09,2016
05954000,13.01,2017
05954000,13.34,2018
05954000,13.52,2019
05954000,13.54,2020
05958000,14.15,2012
05958000,12.65,2013
05958000,12.69,2014
05958000,13.69,2015
05958000,14.22,2016
05958000,14.26,2017
05958000,14.34,2018
05958000,14.45,2019
05958000,14.37,2020
05962000,18.05,2012
05962000,17.15,2013
05962000,17.34,2014
05962000,17.84,2015
05962000,17.83,2016
05962000,17.86,2017
05962000,18.15,2018
05962000,18.11,2019
05962000,17.87,2020
05966000,15.72,2012
05966000,14.16,2013
05966000,14.16,2014
05966000,15.08,2015
05966000,15.03,2016
05966000,14.79,2017
05966000,14.79,2018
05966000,14.78,2019
05966000,14.41,2020
05970000,14.44,2012
05970000,13.05,2013
05970000,13.2,2014
05970000,13.58,2015
05970000,13.64,2016
05970000,13.53,2017
05970000,13.54,2018
05970000,13.56,2019
05970000,13.57,2020
05974000,14.0,2012
05974000,12.86,2013
05974000,12.7,2014
05974000,12.88,2015
05974000,13.16,2016
05974000,13.29,2017
05974000,13.34,2018
05974000,13.26,2019
05974000,13.06,2020
05978000,12.96,2012
05978000,11.88,2013
05978000,12.32,2014
05978000,12.96,2015
05978000,13.74,2016
05978000,13.88,2017
05978000,14.07,2018
05978000,14.37,2019
05978000,14.39,2020
06411000,14.72,2012
06411000,13.67,2013
06411000,13.83,2014
06411000,14.38,2015
06411000,14.55,2016
06411000,14.78,2017
06411000,15.03,2018
06411000,15.45,2019
06411000,15.48,2020
06412000,13.5,2012
06412000,13.44,2013
06412000,13.6,2014
06412000,13.87,2015
06412000,13.99,2016
06412000,14.19,2017
06412000,14.39,2018
06412000,14.67,2019
06412000,14.6,2020
06413000,18.3,2012
06413000,18.24,2013
06413000,18.78,2014
06413000,19.58,2015
06413000,19.97,2016
06413000,20.35,2017
06413000,20.55,2018
06413000,20.68,2019
06413000,20.7,2020
06414000,13.61,2012
06414000,13.28,2013
06414000,13.6,2014
06414000,13.84,2015
06414000,13.92,2016
06414000,14.28,2017
06414000,14.69,2018
06414000,14.95,2019
06414000,15.08,2020
06431000,12.22,2012
06431000,11.33,2013
06431000,11.61,2014
06431000,11.74,2015
06431000,11.76,2016
06431000,11.94,2017
06431000,12.14,2018
06431000,12.33,2019
06431000,12.51,2020
06432000,12.67,2012
06432000,11.73,2013
06432000,11.95,2014
06432000,12.28,2015
06432000,12.38,2016
06432000,12.55,2017
06432000,12.93,2018
06432000,12.94,2019
06432000,13.01,2020
06433000,14.24,2012
06433000,13.8,2013
06433000,14.12,2014
06433000,14.53,2015
06433000,14.86,2016
06433000,15.02,2017
06433000,15.47,2018
06433000,15.67,2019
06433000,15.78,2020
06434000,9.93,2012
06434000,9.42,2013
06434000,9.74,2014
06434000,9.9,2015
06434000,9.9,2016
06434000,10.03,2017
06434000,10.21,2018
06434000,10.38,2019
06434000,10.43,2020
06435000,13.05,2012
06435000,12.01,2013
06435000,12.27,2014
06435000,12.9,2015
06435000,13.14,2016
06435000,13.28,2017
06435000,13.69,2018
06435000,13.85,2019
06435000,13.84,2020
06436000,10.13,2012
06436000,9.43,2013
06436000,9.54,2014
06436000,9.81,2015
06436000,10.02,2016
06436000,10.36,2017
06436000,10.71,2018
06436000,11.0,2019
06436000,11.08,2020
06437000,15.59,2012
06437000,14.3,2013
06437000,14.53,2014
06437000,15.47,2015
06437000,15.67,2016
06437000,15.31,2017
06437000,15.79,2018
06437000,15.82,2019
06437000,15.58,2020
06438000,12.86,2012
06438000,12.24,2013
06438000,12.5,2014
06438000,13.15,2015
06438000,13.25,2016
06438000,13.49,2017
06438000,13.74,2018
06438000,14.14,2019
06438000,14.21,2020
06439000,10.66,2012
06439000,9.62,2013
06439000,9.91,2014
06439000,10.15,2015
06439000,10.2,2016
06439000,10.22,2017
06439000,10.34,2018
06439000,10.7,2019
06439000,10.64,2020
06440000,11.75,2012
06440000,10.8,2013
06440000,11.07,2014
06440000,11.67,2015
06440000,11.73,2016
06440000,11.75,2017
06440000,12.07,2018
06440000,12.22,2019
06440000,12.37,2020
06531000,13.9,2012
06531000,12.68,2013
06531000,12.82,2014
06531000,13.5,2015
06531000,13.58,2016
06531000,13.84,2017
06531000,14.08,2018
06531000,14.46,2019
06531000,14.73,2020
06532000,14.37,2012
06532000,12.97,2013
06532000,13.03,2014
06532000,13.94,2015
06532000,13.77,2016
06532000,13.79,2017
06532000,13.97,2018
06532000,14.08,2019
06532000,13.98,2020
06533000,12.29,2012
06533000,11.23,2013
06533000,11.37,2014
06533000,11.86,2015
06533000,12.09,2016
06533000,12.34,2017
06533000,12.45,2018
06533000,12.6,2019
06533000,12.69,2020
06534000,13.27,2012
06534000,12.51,2013
06534000,12.71,2014
06534000,13.81,2015
06534000,13.91,2016
06534000,14.07,2017
06534000,14.13,2018
06534000,14.38,2019
06534000,14.25,2020
06535000,13.21,2012
06535000,11.48,2013
06535000,11.53,2014
06535000,12.94,2015
06535000,12.84,2016
06535000,12.6,2017
06535000,12.74,2018
06535000,12.82,2019
06535000,13.0,2020
06611000,13.14,2012
06611000,12.45,2013
06611000,12.69,2014
06611000,13.09,2015
06611000,13.63,2016
06611000,14.07,2017
06611000,14.2,2018
06611000,14.52,2019
06611000,14.88,2020
06631000,12.33,2012
06631000,10.52,2013
06631000,10.68,2014
06631000,11.62,2015
06631000,11.53,2016
06631000,11.65,2017
06631000,11.77,2018
06631000,12.1,2019
06631000,12.26,2020
06632000,11.93,2012
06632000,10.14,2013
06632000,10.34,2014
06632000,11.47,2015
06632000,11.65,2016
06632000,11.88,2017
06632000,12.11,2018
06632000,12.46,2019
06632000,12.67,2020
06633000,10.18,2012
06633000,9.07,2013
06633000,9.24,2014
06633000,9.35,2015
06633000,9.99,2016
06633000,10.1,2017
06633000,10.17,2018
06633000,10.11,2019
06633000,10.38,2020
06634000,11.65,2012
06634000,10.41,2013
06634000,10.53,2014
06634000,11.49,2015
06634000,11.89,2016
06634000,12.01,2017
06634000,12.04,2018
06634000,12.08,2019
06634000,12.14,2020
06635000,13.29,2012
06635000,11.94,2013
06635000,11.92,2014
06635000,13.18,2015
06635000,13.28,2016
06635000,13.05,2017
06635000,12.99,2018
06635000,13.05,2019
06635000,13.04,2020
06636000,10.98,2012
06636000,9.48,2013
06636000,9.52,2014
06636000,11.16,2015
06636000,11.19,2016
06636000,11.27,2017
06636000,11.45,2018
06636000,11.59,2019
06636000,11.6,2020
07111000,14.73,2012
07111000,13.44,2013
07111000,13.66,2014
07111000,14.6,2015
07111000,14.72,2016
07111000,14.74,2017
07111000,15.09,2018
07111000,15.66,2019
07111000,15.77,2020
07131000,12.05,2012
07131000,10.67,2013
07131000,10.77,2014
07131000,11.36,2015
07131000,11.54,2016
07131000,11.71,2017
07131000,11.65,2018
07131000,12.07,2019
07131000,12.08,2020
07132000,15.03,2012
07132000,13.47,2013
07132000,13.48,2014
07132000,14.29,2015
07132000,14.09,2016
07132000,14.16,2017
07132000,14.3,2018
07132000,14.35,2019
07132000,14.02,2020
07133000,14.78,2012
07133000,13.51,2013
07133000,13.43,2014
07133000,14.47,2015
07133000,14.53,2016
07133000,14.54,2017
07133000,14.61,2018
07133000,14.61,2019
07133000,14.58,2020
07134000,15.9,2012
07134000,14.08,2013
07134000,14.16,2014
07134000,15.24,2015
07134000,14.97,2016
07134000,14.97,2017
07134000,14.91,2018
07134000,14.94,2019
07134000,14.74,2020
07135000,12.62,2012
07135000,11.24,2013
07135000,11.1,2014
07135000,12.4,2015
07135000,12.22,2016
07135000,12.22,2017
07135000,12.42,2018
07135000,12.55,2019
07135000,12.5,2020
07137000,13.25,2012
07137000,11.71,2013
07137000,11.62,2014
07137000,12.14,2015
07137000,12.14,2016
07137000,12.0,2017
07137000,12.11,2018
07137000,12.25,2019
07137000,12.37,2020
07138000,14.43,2012
07138000,12.88,2013
07138000,12.62,2014
07138000,12.82,2015
07138000,12.66,2016
07138000,12.64,2017
07138000,12.86,2018
07138000,13.14,2019
07138000,13.38,2020
07140000,13.35,2012
07140000,11.93,2013
07140000,11.91,2014
07140000,12.48,2015
07140000,12.23,2016
07140000,12.13,2017
07140000,12.19,2018
07140000,12.16,2019
07140000,12.32,2020
07141000,13.18,2012
07141000,11.59,2013
07141000,11.65,2014
07141000,12.92,2015
07141000,12.79,2016
07141000,12.86,2017
07141000,12.8,2018
07141000,13.06,2019
07141000,13.16,2020
07143000,13.35,2012
07143000,11.91,2013
07143000,11.85,2014
07143000,12.26,2015
07143000,12.39,2016
07143000,12.39,2017
07143000,12.47,2018
07143000,12.63,2019
07143000,12.72,2020
07211000,15.02,2012
07211000,13.99,2013
07211000,14.24,2014
07211000,15.71,2015
07211000,15.68,2016
07211000,15.77,2017
07211000,16.16,2018
07211000,16.74,2019
07211000,16.83,2020
07231000,13.83,2012
07231000,12.43,2013
07231000,12.2,2014
07231000,12.24,2015
07231000,12.08,2016
07231000,12.12,2017
07231000,12.25,2018
07231000,12.41,2019
07231000,12.75,2020
07232000,14.55,2012
07232000,12.94,2013
07232000,13.15,2014
07232000,14.36,2015
07232000,14.23,2016
07232000,14.03,2017
07232000,14.23,2018
07232000,14.38,2019
07232000,14.32,2020
07233000,13.73,2012
07233000,12.38,2013
07233000,12.17,2014
07233000,13.17,2015
07233000,13.21,2016
07233000,12.91,2017
07233000,13.08,2018
07233000,13.12,2019
07233000,12.89,2020
07235000,12.72,2012
07235000,11.25,2013
07235000,11.11,2014
07235000,11.9,2015
07235000,11.89,2016
07235000,11.77,2017
07235000,11.76,2018
07235000,11.91,2019
07235000,11.99,2020
07311000,16.38,2012
07311000,15.05,2013
07311000,15.12,2014
07311000,15.12,2015
07311000,15.01,2016
07311000,15.41,2017
07311000,15.93,2018
07311000,16.09,2019
07311000,16.2,2020
07312000,15.42,2012
07312000,14.58,2013
07312000,14.82,2014
07312000,14.92,2015
07312000,15.03,2016
07312000,15.05,2017
07312000,15.6,2018
07312000,16.06,2019
07312000,16.27,2020
07313000,14.6,2012
07313000,13.3,2013
07313000,13.51,2014
07313000,14.73,2015
07313000,14.84,2016
07313000,14.82,2017
07313000,14.92,2018
07313000,14.93,2019
07313000,14.93,2020
07314000,15.99,2012
07314000,15.65,2013
07314000,16.15,2014
07314000,16.64,2015
07314000,16.73,2016
07314000,17.27,2017
07314000,17.48,2018
07314000,18.1,2019
07314000,18.38,2020
07315000,13.62,2012
07315000,13.05,2013
07315000,13.22,2014
07315000,13.76,2015
07315000,13.76,2016
07315000,14.04,2017
07315000,14.36,2018
07315000,14.8,2019
07315000,14.73,2020
07316000,11.92,2012
07316000,10.89,2013
07316000,11.36,2014
07316000,12.3,2015
07316000,12.13,2016
07316000,12.33,2017
07316000,12.44,2018
07316000,12.74,2019
07316000,12.99,2020
07317000,18.1,2012
07317000,17.19,2013
07317000,16.61,2014
07317000,18.98,2015
07317000,19.02,2016
07317000,19.27,2017
07317000,19.64,2018
07317000,20.11,2019
07317000,20.24,2020
07318000,14.88,2012
07318000,13.7,2013
07318000,13.67,2014
07318000,13.6,2015
07318000,13.59,2016
07318000,13.39,2017
07318000,13.53,2018
07318000,13.61,2019
07318000,13.62,2020
07319000,17.98,2012
07319000,17.59,2013
07319000,17.61,2014
07319000,18.29,2015
07319000,18.49,2016
07319000,18.28,2017
07319000,18.41,2018
07319000,18.93,2019
07319000,19.02,2020
07320000,13.63,2012
07320000,12.8,2013
07320000,12.77,2014
07320000,14.14,2015
07320000,14.03,2016
07320000,14.32,2017
07320000,14.71,2018
07320000,14.34,2019
07320000,14.71,2020
07331000,12.76,2012
07331000,11.8,2013
07331000,11.65,2014
07331000,11.82,2015
07331000,11.83,2016
07331000,11.92,2017
07331000,12.16,2018
07331000,12.41,2019
07331000,12.5,2020
07332000,11.6,2012
07332000,10.51,2013
07332000,10.63,2014
07332000,11.31,2015
07332000,11.42,2016
07332000,11.42,2017
07332000,11.64,2018
07332000,11.7,2019
07332000,11.55,2020
07333000,14.76,2012
07333000,13.53,2013
07333000,13.7,2014
07333000,13.87,2015
07333000,13.86,2016
07333000,13.86,2017
07333000,13.5,2018
07333000,13.67,2019
07333000,13.44,2020
07334000,15.28,2012
07334000,13.96,2013
07334000,13.94,2014
07334000,14.32,2015
07334000,14.24,2016
07334000,14.27,2017
07334000,14.24,2018
07334000,13.98,2019
07334000,13.84,2020
07335000,12.59,2012
07335000,11.12,2013
07335000,11.21,2014
07335000,11.2,2015
07335000,11.15,2016
07335000,11.13,2017
07335000,11.22,2018
07335000,11.52,2019
07335000,11.55,2020
07336000,13.09,2012
07336000,11.73,2013
07336000,11.55,2014
07336000,11.73,2015
07336000,11.62,2016
07336000,11.81,2017
07336000,11.72,2018
07336000,11.66,2019
07336000,11.57,2020
07337000,12.5,2012
07337000,11.29,2013
07337000,11.35,2014
07337000,12.16,2015
07337000,12.13,2016
07337000,12.03,2017
07337000,11.7,2018
07337000,11.6,2019
07337000,11.45,2020
07338000,10.92,2012
07338000,10.05,2013
07338000,10.13,2014
07338000,10.49,2015
07338000,10.63,2016
07338000,10.6,2017
07338000,10.71,2018
07338000,11.08,2019
07338000,11.18,2020
07339000,10.86,2012
07339000,9.89,2013
07339000,9.94,2014
07339000,10.3,2015
07339000,10.5,2016
07339000,10.55,2017
07339000,10.7,2018
07339000,10.9,2019
07339000,10.88,2020
07340000,13.16,2012
07340000,11.79,2013
07340000,11.8,2014
07340000,12.4,2015
07340000,12.15,2016
07340000,11.97,2017
07340000,11.86,2018
07340000,11.74,2019
07340000,11.73,2020
08111000,15.1,2012
08111000,14.4,2013
08111000,14.54,2014
08111000,14.81,2015
08111000,14.61,2016
08111000,14.59,2017
08111000,14.52,2018
08111000,14.33,2019
08111000,14.0,2020
08115000,14.06,2012
08115000,13.04,2013
08115000,13.08,2014
08115000,13.24,2015
08115000,13.07,2016
08115000,13.26,2017
08115000,13.4,2018
08115000,13.21,2019
08115000,12.97,2020
08116000,14.07,2012
08116000,12.83,2013
08116000,13.08,2014
08116000,13.39,2015
08116000,13.22,2016
08116000,13.28,2017
08116000,13.38,2018
08116000,13.31,2019
08116000,13.08,2020
08117000,15.69,2012
08117000,14.4,2013
08117000,14.46,2014
08117000,14.95,2015
08117000,14.77,2016
08117000,14.67,2017
08117000,14.77,2018
08117000,14.61,2019
08117000,14.33,2020
08118000,14.87,2012
08118000,13.66,2013
08118000,13.53,2014
08118000,13.54,2015
08118000,13.35,2016
08118000,13.34,2017
08118000,13.36,2018
08118000,13.28,2019
08118000,13.11,2020
08119000,14.13,2012
08119000,12.98,2013
08119000,12.93,2014
08119000,13.76,2015
08119000,13.76,2016
08119000,13.77,2017
08119000,13.79,2018
08119000,13.67,2019
08119000,13.41,2020
08121000,17.74,2012
08121000,16.79,2013
08121000,16.73,2014
08121000,17.21,2015
08121000,17.64,2016
08121000,17.63,2017
08121000,17.96,2018
08121000,18.16,2019
08121000,18.03,2020
08125000,14.26,2012
08125000,12.78,2013
08125000,12.71,2014
08125000,13.07,2015
08125000,13.1,2016
08125000,13.12,2017
08125000,13.28,2018
08125000,13.19,2019
08125000,12.93,2020
08126000,16.76,2012
08126000,15.13,2013
08126000,14.92,2014
08126000,15.03,2015
08126000,14.76,2016
08126000,14.92,2017
08126000,14.98,2018
08126000,14.88,2019
08126000,14.67,2020
08127000,15.86,2012
08127000,13.92,2013
08127000,13.61,2014
08127000,14.47,2015
08127000,14.52,2016
08127000,14.59,2017
08127000,14.62,2018
08127000,14.64,2019
08127000,14.5,2020
08128000,14.2,2012
08128000,12.66,2013
08128000,12.25,2014
08128000,12.91,2015
08128000,12.92,2016
08128000,13.02,2017
08128000,13.24,2018
08128000,13.32,2019
08128000,13.2,2020
08135000,15.44,2012
08135000,14.05,2013
08135000,14.06,2014
08135000,14.73,2015
08135000,14.59,2016
08135000,14.65,2017
08135000,14.7,2018
08135000,14.88,2019
08135000,14.62,2020
08136000,14.03,2012
08136000,12.39,2013
08136000,12.28,2014
08136000,13.05,2015
08136000,13.01,2016
08136000,12.88,2017
08136000,12.83,2018
08136000,12.78,2019
08136000,12.61,2020
08211000,13.87,2012
08211000,12.49,2013
08211000,12.52,2014
08211000,12.38,2015
08211000,12.56,2016
08211000,13.05,2017
08211000,13.53,2018
08211000,13.73,2019
08211000,13.76,2020
08212000,14.22,2012
08212000,13.38,2013
08212000,13.65,2014
08212000,14.26,2015
08212000,14.17,2016
08212000,14.19,2017
08212000,14.26,2018
08212000,14.18,2019
08212000,13.94,2020
08215000,13.12,2012
08215000,12.0,2013
08215000,12.1,2014
08215000,12.44,2015
08215000,12.49,2016
08215000,12.64,2017
08215000,12.87,2018
08215000,12.89,2019
08215000,12.95,2020
08216000,15.36,2012
08216000,13.84,2013
08216000,13.99,2014
08216000,13.89,2015
08216000,13.81,2016
08216000,13.94,2017
08216000,13.97,2018
08216000,13.55,2019
08216000,13.48,2020
08221000,13.03,2012
08221000,11.94,2013
08221000,12.08,2014
08221000,12.59,2015
08221000,12.44,2016
08221000,12.63,2017
08221000,12.71,2018
08221000,12.88,2019
08221000,12.68,2020
08222000,15.35,2012
08222000,14.74,2013
08222000,14.83,2014
08222000,15.23,2015
08222000,15.31,2016
08222000,15.52,2017
08222000,15.64,2018
08222000,15.8,2019
08222000,15.84,2020
08225000,15.39,2012
08225000,13.49,2013
08225000,13.62,2014
08225000,15.26,2015
08225000,15.17,2016
08225000,14.97,2017
08225000,15.06,2018
08225000,15.04,2019
08225000,14.78,2020
08226000,12.65,2012
08226000,11.7,2013
08226000,11.63,2014
08226000,11.96,2015
08226000,11.98,2016
08226000,12.09,2017
08226000,12.16,2018
08226000,12.22,2019
08226000,12.26,2020
08231000,19.7,2012
08231000,18.18,2013
08231000,18.6,2014
08231000,19.04,2015
08231000,18.99,2016
08231000,19.31,2017
08231000,20.18,2018
08231000,20.35,2019
08231000,20.65,2020
08235000,15.18,2012
08235000,13.57,2013
08235000,13.6,2014
08235000,13.54,2015
08235000,13.51,2016
08235000,13.61,2017
08235000,13.67,2018
08235000,13.68,2019
08235000,13.42,2020
08236000,14.07,2012
08236000,12.29,2013
08236000,12.26,2014
08236000,12.67,2015
08236000,12.62,2016
08236000,12.79,2017
08236000,12.73,2018
08236000,12.89,2019
08236000,12.89,2020
08237000,15.35,2012
08237000,13.86,2013
08237000,13.73,2014
08237000,13.87,2015
08237000,13.67,2016
08237000,13.66,2017
08237000,13.76,2018
08237000,13.95,2019
08237000,13.9,2020
08311000,14.2,2012
08311000,12.9,2013
08311000,12.95,2014
08311000,13.76,2015
08311000,13.85,2016
08311000,13.93,2017
08311000,13.88,2018
08311000,14.15,2019
08311000,13.93,2020
08315000,14.21,2012
08315000,12.71,2013
08315000,12.67,2014
08315000,12.94,2015
08315000,12.96,2016
08315000,12.97,2017
08315000,13.24,2018
08315000,13.23,2019
08315000,12.98,2020
08316000,13.63,2012
08316000,12.44,2013
08316000,12.32,2014
08316000,12.82,2015
08316000,12.98,2016
08316000,12.87,2017
08316000,12.91,2018
08316000,13.01,2019
08316000,12.87,2020
08317000,15.11,2012
08317000,13.61,2013
08317000,13.62,2014
08317000,13.99,2015
08317000,13.99,2016
08317000,14.09,2017
08317000,14.21,2018
08317000,14.28,2019
08317000,14.0,2020
08325000,17.47,2012
08325000,15.6,2013
08325000,15.19,2014
08325000,15.42,2015
08325000,15.24,2016
08325000,15.16,2017
08325000,15.18,2018
08325000,14.95,2019
08325000,14.79,2020
08326000,17.07,2012
08326000,15.7,2013
08326000,15.61,2014
08326000,15.68,2015
08326000,15.63,2016
08326000,15.74,2017
08326000,15.82,2018
08326000,15.66,2019
08326000,15.3,2020
08327000,21.16,2012
08327000,19.2,2013
08327000,19.19,2014
08327000,19.03,2015
08327000,18.64,2016
08327000,18.73,2017
08327000,18.76,2018
08327000,18.6,2019
08327000,18.07,2020
08335000,15.93,2012
08335000,14.77,2013
08335000,14.81,2014
08335000,14.96,2015
08335000,15.08,2016
08335000,15.12,2017
08335000,15.1,2018
08335000,15.16,2019
08335000,15.0,2020
08336000,18.07,2012
08336000,16.49,2013
08336000,16.44,2014
08336000,16.9,2015
08336000,16.77,2016
08336000,16.84,2017
08336000,16.74,2018
08336000,16.73,2019
08336000,16.38,2020
08337000,19.43,2012
08337000,17.24,2013
08337000,17.28,2014
08337000,17.67,2015
08337000,17.53,2016
08337000,17.47,2017
08337000,17.51,2018
08337000,17.34,2019
08337000,16.88,2020
08415000,15.14,2012
08415000,13.85,2013
08415000,13.85,2014
08415000,14.21,2015
08415000,14.19,2016
08415000,14.11,2017
08415000,14.2,2018
08415000,14.3,2019
08415000,14.16,2020
08416000,13.52,2012
08416000,12.65,2013
08416000,12.46,2014
08416000,12.96,2015
08416000,12.86,2016
08416000,12.84,2017
08416000,12.92,2018
08416000,12.76,2019
08416000,12.68,2020
08417000,18.08,2012
08417000,16.39,2013
08417000,16.27,2014
08417000,16.53,2015
08417000,16.24,2016
08417000,15.87,2017
08417000,15.9,2018
08417000,15.72,2019
08417000,15.5,2020
08421000,14.55,2012
08421000,13.63,2013
08421000,13.65,2014
08421000,14.46,2015
08421000,14.46,2016
08421000,14.69,2017
08421000,15.12,2018
08421000,15.32,2019
08421000,15.14,2020
08425000,13.69,2012
08425000,12.24,2013
08425000,12.32,2014
08425000,12.69,2015
08425000,12.67,2016
08425000,12.77,2017
08425000,13.02,2018
08425000,12.98,2019
08425000,12.76,2020
08426000,14.05,2012
08426000,12.32,2013
08426000,12.2,2014
08426000,12.88,2015
08426000,12.75,2016
08426000,12.81,2017
08426000,12.86,2018
08426000,12.8,2019
08426000,12.67,2020
08435000,12.85,2012
08435000,11.79,2013
08435000,11.69,2014
08435000,12.41,2015
08435000,12.15,2016
08435000,12.21,2017
08435000,12.26,2018
08435000,12.01,2019
08435000,11.89,2020
08436000,14.16,2012
08436000,12.2,2013
08436000,12.06,2014
08436000,13.08,2015
08436000,13.02,2016
08436000,13.08,2017
08436000,13.02,2018
08436000,13.02,2019
08436000,12.81,2020
08437000,16.15,2012
08437000,14.59,2013
08437000,14.45,2014
08437000,15.32,2015
08437000,15.28,2016
08437000,15.16,2017
08437000,15.02,2018
08437000,14.99,2019
08437000,14.5,2020
09161000,14.23,2012
09161000,13.07,2013
09161000,12.65,2014
09161000,12.64,2015
09161000,12.68,2016
09161000,12.58,2017
09161000,12.74,2018
09161000,12.69,2019
09161000,12.71,2020
09162000,11.95,2012
09162000,11.61,2013
09162000,11.68,2014
09162000,11.85,2015
09162000,11.84,2016
09162000,11.81,2017
09162000,11.91,2018
09162000,11.99,2019
09162000,11.67,2020
09163000,14.82,2012
09163000,13.37,2013
09163000,13.4,2014
09163000,13.1,2015
09163000,13.21,2016
09163000,13.21,2017
09163000,13.33,2018
09163000,13.35,2019
09163000,12.94,2020
09171000,12.6,2012
09171000,11.2,2013
09171000,10.89,2014
09171000,10.85,2015
09171000,10.78,2016
09171000,10.77,2017
09171000,10.85,2018
09171000,10.75,2019
09171000,10.71,2020
09172000,12.22,2012
09172000,10.73,2013
09172000,10.69,2014
09172000,11.41,2015
09172000,11.36,2016
09172000,11.48,2017
09172000,11.29,2018
09172000,11.18,2019
09172000,11.17,2020
09173000,11.57,2012
09173000,10.19,2013
09173000,9.95,2014
09173000,10.32,2015
09173000,10.42,2016
09173000,10.41,2017
09173000,10.32,2018
09173000,10.46,2019
09173000,10.16,2020
09174000,10.8,2012
09174000,9.85,2013
09174000,9.91,2014
09174000,9.96,2015
09174000,10.1,2016
09174000,10.04,2017
09174000,10.4,2018
09174000,10.42,2019
09174000,10.47,2020
09175000,10.1,2012
09175000,8.95,2013
09175000,8.79,2014
09175000,9.52,2015
09175000,9.82,2016
09175000,10.1,2017
09175000,10.38,2018
09175000,10.4,2019
09175000,10.43,2020
09176000,12.83,2012
09176000,10.93,2013
09176000,10.56,2014
09176000,10.46,2015
09176000,10.31,2016
09176000,10.42,2017
09176000,10.53,2018
09176000,10.64,2019
09176000,10.35,2020
09177000,11.79,2012
09177000,10.41,2013
09177000,10.22,2014
09177000,10.46,2015
09177000,10.45,2016
09177000,10.5,2017
09177000,10.68,2018
09177000,10.9,2019
09177000,11.12,2020
09178000,12.28,2012
09178000,11.52,2013
09178000,11.61,2014
09178000,11.96,2015
09178000,11.95,2016
09178000,11.87,2017
09178000,12.11,2018
09178000,12.31,2019
09178000,12.33,2020
09179000,10.54,2012
09179000,9.75,2013
09179000,9.76,2014
09179000,10.14,2015
09179000,10.15,2016
09179000,10.32,2017
09179000,10.49,2018
09179000,10.8,2019
09179000,10.75,2020
09180000,11.27,2012
09180000,9.99,2013
09180000,10.06,2014
09180000,10.58,2015
09180000,10.61,2016
09180000,10.62,2017
09180000,10.69,2018
09180000,10.64,2019
09180000,10.4,2020
09181000,11.14,2012
09181000,9.66,2013
09181000,9.67,2014
09181000,9.94,2015
09181000,9.96,2016
09181000,9.97,2017
09181000,10.12,2018
09181000,10.28,2019
09181000,10.14,2020
09182000,10.74,2012
09182000,9.39,2013
09182000,9.23,2014
09182000,9.71,2015
09182000,9.47,2016
09182000,9.51,2017
09182000,9.55,2018
09182000,9.71,2019
09182000,9.6,2020
09183000,12.99,2012
09183000,11.31,2013
09183000,11.02,2014
09183000,12.07,2015
09183000,12.1,2016
09183000,11.86,2017
09183000,11.59,2018
09183000,11.74,2019
09183000,11.53,2020
09184000,9.88,2012
09184000,9.1,2013
09184000,9.1,2014
09184000,9.42,2015
09184000,9.47,2016
09184000,9.68,2017
09184000,9.91,2018
09184000,10.1,2019
09184000,10.09,2020
09185000,13.77,2012
09185000,12.05,2013
09185000,11.82,2014
09185000,12.07,2015
09185000,12.25,2016
09185000,12.3,2017
09185000,12.0,2018
09185000,11.8,2019
09185000,11.57,2020
09186000,12.22,2012
09186000,10.65,2013
09186000,10.65,2014
09186000,10.79,2015
09186000,10.82,2016
09186000,10.9,2017
09186000,11.1,2018
09186000,10.91,2019
09186000,10.8,2020
09187000,11.54,2012
09187000,10.03,2013
09187000,9.86,2014
09187000,9.74,2015
09187000,9.62,2016
09187000,9.66,2017
09187000,9.77,2018
09187000,9.76,2019
09187000,9.63,2020
09188000,9.46,2012
09188000,8.92,2013
09188000,8.89,2014
09188000,9.06,2015
09188000,9.21,2016
09188000,9.33,2017
09188000,9.39,2018
09188000,9.5,2019
09188000,9.6,2020
09189000,13.3,2012
09189000,11.38,2013
09189000,11.17,2014
09189000,11.67,2015
09189000,11.51,2016
09189000,11.31,2017
09189000,11.27,2018
09189000,11.11,2019
09189000,10.97,2020
09190000,12.33,2012
09190000,10.76,2013
09190000,10.61,2014
09190000,11.64,2015
09190000,11.53,2016
09190000,11.4,2017
09190000,11.43,2018
09190000,11.34,2019
09190000,11.3,2020
09261000,13.47,2012
09261000,12.56,2013
09261000,12.71,2014
09261000,12.64,2015
09261000,12.71,2016
09261000,12.99,2017
09261000,13.37,2018
09261000,13.39,2019
09261000,13.47,2020
09262000,13.11,2012
09262000,11.64,2013
09262000,11.31,2014
09262000,12.3,2015
09262000,12.7,2016
09262000,13.06,2017
09262000,13.5,2018
09262000,13.47,2019
09262000,13.26,2020
09263000,14.6,2012
09263000,13.11,2013
09263000,12.63,2014
09263000,14.26,2015
09263000,14.48,2016
09263000,15.52,2017
09263000,16.13,2018
09263000,16.29,2019
09263000,16.2,2020
09271000,13.82,2012
09271000,12.25,2013
09271000,12.09,2014
09271000,12.51,2015
09271000,12.34,2016
09271000,12.55,2017
09271000,12.34,2018
09271000,12.2,2019
09271000,12.28,2020
09272000,14.11,2012
09272000,12.12,2013
09272000,11.99,2014
09272000,11.81,2015
09272000,11.53,2016
09272000,11.42,2017
09272000,11.16,2018
09272000,10.59,2019
09272000,10.47,2020
09273000,14.08,2012
09273000,12.32,2013
09273000,12.13,2014
09273000,12.2,2015
09273000,12.27,2016
09273000,12.23,2017
09273000,12.44,2018
09273000,12.3,2019
09273000,12.15,2020
09274000,12.2,2012
09274000,10.67,2013
09274000,10.58,2014
09274000,10.57,2015
09274000,10.79,2016
09274000,10.85,2017
09274000,10.75,2018
09274000,10.52,2019
09274000,10.37,2020
09275000,13.85,2012
09275000,12.38,2013
09275000,11.82,2014
09275000,11.92,2015
09275000,11.98,2016
09275000,11.86,2017
09275000,11.86,2018
09275000,11.59,2019
09275000,11.21,2020
09276000,13.91,2012
09276000,12.06,2013
09276000,11.64,2014
09276000,12.3,2015
09276000,11.94,2016
09276000,11.91,2017
09276000,11.98,2018
09276000,11.73,2019
09276000,11.29,2020
09277000,13.27,2012
09277000,11.65,2013
09277000,11.53,2014
09277000,11.84,2015
09277000,11.7,2016
09277000,11.7,2017
09277000,11.48,2018
09277000,11.36,2019
09277000,11.16,2020
09278000,12.91,2012
09278000,10.96,2013
09278000,10.78,2014
09278000,11.75,2015
09278000,11.58,2016
09278000,11.67,2017
09278000,11.57,2018
09278000,11.43,2019
09278000,11.31,2020
09279000,16.6,2012
09279000,15.15,2013
09279000,14.91,2014
09279000,14.59,2015
09279000,14.5,2016
09279000,14.67,2017
09279000,14.68,2018
09279000,14.29,2019
09279000,14.02,2020
09361000,15.87,2012
09361000,14.39,2013
09361000,13.7,2014
09361000,14.51,2015
09361000,14.38,2016
09361000,14.47,2017
09361000,14.69,2018
09361000,14.87,2019
09361000,14.98,2020
09362000,12.44,2012
09362000,11.94,2013
09362000,11.79,2014
09362000,12.44,2015
09362000,12.54,2016
09362000,12.61,2017
09362000,12.83,2018
09362000,12.88,2019
09362000,12.84,2020
09363000,15.81,2012
09363000,14.56,2013
09363000,14.13,2014
09363000,13.89,2015
09363000,13.95,2016
09363000,13.91,2017
09363000,14.37,2018
09363000,14.64,2019
09363000,14.66,2020
09371000,12.93,2012
09371000,11.08,2013
09371000,10.77,2014
09371000,11.36,2015
09371000,11.2,2016
09371000,11.02,2017
09371000,11.0,2018
09371000,10.85,2019
09371000,10.71,2020
09372000,13.65,2012
09372000,11.79,2013
09372000,11.52,2014
09372000,12.36,2015
09372000,12.12,2016
09372000,11.97,2017
09372000,11.71,2018
09372000,11.46,2019
09372000,11.03,2020
09373000,13.04,2012
09373000,11.09,2013
09373000,10.84,2014
09373000,11.64,2015
09373000,11.52,2016
09373000,11.39,2017
09373000,11.42,2018
09373000,11.47,2019
09373000,11.26,2020
09374000,14.3,2012
09374000,12.48,2013
09374000,12.02,2014
09374000,11.59,2015
09374000,11.24,2016
09374000,11.24,2017
09374000,11.13,2018
09374000,10.94,2019
09374000,10.42,2020
09375000,11.94,2012
09375000,10.49,2013
09375000,10.44,2014
09375000,10.85,2015
09375000,10.78,2016
09375000,10.65,2017
09375000,10.77,2018
09375000,10.79,2019
09375000,10.57,2020
09376000,13.81,2012
09376000,11.93,2013
09376000,11.51,2014
09376000,12.14,2015
09376000,12.15,2016
09376000,12.13,2017
09376000,12.12,2018
09376000,12.02,2019
09376000,11.86,2020
09377000,14.16,2012
09377000,12.47,2013
09377000,11.82,2014
09377000,11.89,2015
09377000,11.48,2016
09377000,11.15,2017
09377000,10.95,2018
09377000,10.82,2019
09377000,10.37,2020
09461000,13.85,2012
09461000,12.92,2013
09461000,12.95,2014
09461000,14.2,2015
09461000,13.89,2016
09461000,13.59,2017
09461000,13.65,2018
09461000,13.77,2019
09461000,13.43,2020
09462000,14.11,2012
09462000,12.73,2013
09462000,12.68,2014
09462000,12.75,2015
09462000,12.57,2016
09462000,12.45,2017
09462000,12.46,2018
09462000,12.71,2019
09462000,12.69,2020
09463000,12.5,2012
09463000,11.66,2013
09463000,11.59,2014
09463000,11.56,2015
09463000,11.55,2016
09463000,11.64,2017
09463000,12.2,2018
09463000,12.14,2019
09463000,12.03,2020
09464000,13.4,2012
09464000,12.56,2013
09464000,12.37,2014
09464000,12.52,2015
09464000,12.26,2016
09464000,12.66,2017
09464000,13.09,2018
09464000,13.08,2019
09464000,13.45,2020
09471000,13.4,2012
09471000,11.57,2013
09471000,11.28,2014
09471000,11.44,2015
09471000,11.41,2016
09471000,11.57,2017
09471000,11.48,2018
09471000,11.41,2019
09471000,11.37,2020
09472000,11.44,2012
09472000,9.86,2013
09472000,9.81,2014
09472000,9.67,2015
09472000,9.51,2016
09472000,9.51,2017
09472000,9.3,2018
09472000,9.23,2019
09472000,9.08,2020
09473000,12.54,2012
09473000,11.33,2013
09473000,10.9,2014
09473000,10.6,2015
09473000,10.59,2016
09473000,10.42,2017
09473000,10.11,2018
09473000,9.96,2019
09473000,9.79,2020
09474000,13.03,2012
09474000,11.73,2013
09474000,11.21,2014
09474000,10.85,2015
09474000,10.91,2016
09474000,10.73,2017
09474000,10.72,2018
09474000,10.58,2019
09474000,10.49,2020
09475000,11.12,2012
09475000,9.85,2013
09475000,9.76,2014
09475000,9.81,2015
09475000,9.7,2016
09475000,9.54,2017
09475000,9.43,2018
09475000,9.48,2019
09475000,9.34,2020
09476000,16.17,2012
09476000,14.59,2013
09476000,14.09,2014
09476000,13.8,2015
09476000,13.39,2016
09476000,13.17,2017
09476000,12.96,2018
09476000,12.67,2019
09476000,12.43,2020
09477000,11.31,2012
09477000,9.72,2013
09477000,9.58,2014
09477000,9.52,2015
09477000,9.4,2016
09477000,9.4,2017
09477000,9.41,2018
09477000,9.44,2019
09477000,9.53,2020
09478000,15.85,2012
09478000,13.91,2013
09478000,13.43,2014
09478000,14.34,2015
09478000,13.85,2016
09478000,13.73,2017
09478000,13.35,2018
09478000,13.3,2019
09478000,13.06,2020
09479000,15.67,2012
09479000,14.3,2013
09479000,13.92,2014
09479000,14.3,2015
09479000,14.0,2016
09479000,13.89,2017
09479000,13.82,2018
09479000,13.77,2019
09479000,13.47,2020
09561000,16.46,2012
09561000,15.12,2013
09561000,14.63,2014
09561000,15.51,2015
09561000,15.59,2016
09561000,15.57,2017
09561000,15.91,2018
09561000,16.02,2019
09561000,15.96,2020
09562000,13.04,2012
09562000,12.45,2013
09562000,12.12,2014
09562000,12.4,2015
09562000,12.46,2016
09562000,12.58,2017
09562000,12.63,2018
09562000,12.8,2019
09562000,12.72,2020
09563000,14.89,2012
09563000,14.21,2013
09563000,14.06,2014
09563000,14.69,2015
09563000,14.68,2016
09563000,14.51,2017
09563000,14.6,2018
09563000,14.8,2019
09563000,14.76,2020
09564000,14.75,2012
09564000,14.28,2013
09564000,14.3,2014
09564000,14.53,2015
09564000,14.69,2016
09564000,14.84,2017
09564000,15.01,2018
09564000,15.17,2019
09564000,15.12,2020
09565000,13.77,2012
09565000,12.46,2013
09565000,12.16,2014
09565000,11.91,2015
09565000,12.36,2016
09565000,12.45,2017
09565000,12.47,2018
09565000,12.13,2019
09565000,12.28,2020
09571000,14.74,2012
09571000,12.92,2013
09571000,12.44,2014
09571000,12.66,2015
09571000,12.66,2016
09571000,12.47,2017
09571000,12.54,2018
09571000,12.39,2019
09571000,12.36,2020
09572000,11.61,2012
09572000,10.47,2013
09572000,10.32,2014
09572000,10.83,2015
09572000,10.72,2016
09572000,10.69,2017
09572000,10.82,2018
09572000,10.67,2019
09572000,10.45,2020
09573000,11.24,2012
09573000,10.2,2013
09573000,10.17,2014
09573000,10.12,2015
09573000,10.07,2016
09573000,10.15,2017
09573000,10.15,2018
09573000,10.33,2019
09573000,10.16,2020
09574000,11.69,2012
09574000,10.46,2013
09574000,10.27,2014
09574000,10.83,2015
09574000,10.76,2016
09574000,10.78,2017
09574000,10.71,2018
09574000,10.8,2019
09574000,10.85,2020
09575000,13.33,2012
09575000,12.01,2013
09575000,11.67,2014
09575000,12.06,2015
09575000,12.01,2016
09575000,11.91,2017
09575000,12.03,2018
09575000,12.04,2019
09575000,12.03,2020
09576000,12.24,2012
09576000,10.66,2013
09576000,10.34,2014
09576000,10.65,2015
09576000,10.67,2016
09576000,10.54,2017
09576000,10.64,2018
09576000,10.62,2019
09576000,10.4,2020
09577000,14.61,2012
09577000,12.78,2013
09577000,12.5,2014
09577000,13.1,2015
09577000,13.07,2016
09577000,12.98,2017
09577000,12.99,2018
09577000,12.89,2019
09577000,12.38,2020
09661000,13.63,2012
09661000,13.07,2013
09661000,12.93,2014
09661000,13.05,2015
09661000,13.58,2016
09661000,13.77,2017
09661000,13.81,2018
09661000,13.96,2019
09661000,14.03,2020
09662000,15.31,2012
09662000,14.46,2013
09662000,14.45,2014
09662000,15.92,2015
09662000,15.79,2016
09662000,16.12,2017
09662000,16.65,2018
09662000,16.81,2019
09662000,16.36,2020
09663000,12.53,2012
09663000,11.4,2013
09663000,11.36,2014
09663000,11.61,2015
09663000,11.82,2016
09663000,11.96,2017
09663000,12.36,2018
09663000,12.56,2019
09663000,12.51,2020
09671000,11.28,2012
09671000,10.15,2013
09671000,10.05,2014
09671000,10.3,2015
09671000,10.49,2016
09671000,10.45,2017
09671000,10.51,2018
09671000,10.45,2019
09671000,10.41,2020
09672000,12.21,2012
09672000,10.63,2013
09672000,10.46,2014
09672000,11.4,2015
09672000,11.27,2016
09672000,10.99,2017
09672000,10.91,2018
09672000,10.93,2019
09672000,10.82,2020
09673000,12.65,2012
09673000,10.78,2013
09673000,10.44,2014
09673000,11.16,2015
09673000,11.02,2016
09673000,11.07,2017
09673000,11.04,2018
09673000,10.77,2019
09673000,10.39,2020
09674000,14.06,2012
09674000,12.47,2013
09674000,12.25,2014
09674000,12.73,2015
09674000,12.47,2016
09674000,12.08,2017
09674000,12.01,2018
09674000,11.68,2019
09674000,11.23,2020
09675000,13.3,2012
09675000,12.04,2013
09675000,11.94,2014
09675000,11.81,2015
09675000,11.78,2016
09675000,11.71,2017
09675000,11.85,2018
09675000,11.91,2019
09675000,11.63,2020
09676000,15.2,2012
09676000,13.71,2013
09676000,13.39,2014
09676000,13.51,2015
09676000,13.64,2016
09676000,13.62,2017
09676000,13.75,2018
09676000,13.59,2019
09676000,13.51,2020
09677000,13.27,2012
09677000,11.68,2013
09677000,11.56,2014
09677000,11.54,2015
09677000,11.38,2016
09677000,11.54,2017
09677000,11.37,2018
09677000,11.37,2019
09677000,11.32,2020
09678000,12.55,2012
09678000,10.9,2013
09678000,10.84,2014
09678000,10.95,2015
09678000,10.55,2016
09678000,10.55,2017
09678000,10.66,2018
09678000,10.24,2019
09678000,9.82,2020
09679000,10.01,2012
09679000,8.64,2013
09679000,8.71,2014
09679000,9.23,2015
09679000,9.09,2016
09679000,9.17,2017
09679000,9.35,2018
09679000,9.42,2019
09679000,9.3,2020
09761000,16.04,2012
09761000,14.57,2013
09761000,14.66,2014
09761000,14.62,2015
09761000,14.52,2016
09761000,14.57,2017
09761000,14.69,2018
09761000,15.17,2019
09761000,15.19,2020
09762000,14.18,2012
09762000,12.98,2013
09762000,13.01,2014
09762000,14.0,2015
09762000,14.53,2016
09762000,14.37,2017
09762000,14.83,2018
09762000,14.84,2019
09762000,14.58,2020
09763000,15.66,2012
09763000,14.25,2013
09763000,14.0,2014
09763000,14.92,2015
09763000,14.94,2016
09763000,14.85,2017
09763000,15.17,2018
09763000,15.32,2019
09763000,15.16,2020
09764000,16.49,2012
09764000,14.77,2013
09764000,14.9,2014
09764000,15.66,2015
09764000,15.67,2016
09764000,16.38,2017
09764000,16.78,2018
09764000,16.97,2019
09764000,16.27,2020
09771000,11.28,2012
09771000,9.48,2013
09771000,9.31,2014
09771000,9.4,2015
09771000,9.32,2016
09771000,9.25,2017
09771000,9.27,2018
09771000,9.17,2019
09771000,9.13,2020
09772000,12.01,2012
09772000,10.48,2013
09772000,10.33,2014
09772000,10.56,2015
09772000,10.48,2016
09772000,10.5,2017
09772000,10.56,2018
09772000,10.71,2019
09772000,10.66,2020
09773000,15.99,2012
09773000,13.92,2013
09773000,13.53,2014
09773000,14.3,2015
09773000,14.25,2016
09773000,14.03,2017
09773000,14.04,2018
09773000,14.02,2019
09773000,13.79,2020
09774000,13.46,2012
09774000,12.37,2013
09774000,12.45,2014
09774000,13.46,2015
09774000,13.56,2016
09774000,13.7,2017
09774000,13.59,2018
09774000,13.63,2019
09774000,13.32,2020
09775000,14.66,2012
09775000,13.3,2013
09775000,13.1,2014
09775000,13.71,2015
09775000,13.62,2016
09775000,13.7,2017
09775000,13.77,2018
09775000,13.73,2019
09775000,13.53,2020
09776000,13.06,2012
09776000,11.56,2013
09776000,11.56,2014
09776000,12.24,2015
09776000,12.15,2016
09776000,12.06,2017
09776000,12.46,2018
09776000,12.31,2019
09776000,11.98,2020
09777000,12.21,2012
09777000,10.46,2013
09777000,10.15,2014
09777000,10.55,2015
09777000,10.48,2016
09777000,10.41,2017
09777000,10.35,2018
09777000,10.18,2019
09777000,10.07,2020
09778000,13.25,2012
09778000,11.19,2013
09778000,11.05,2014
09778000,11.65,2015
09778000,11.33,2016
09778000,11.34,2017
09778000,11.17,2018
09778000,11.14,2019
09778000,10.96,2020
09779000,13.64,2012
09779000,11.65,2013
09779000,11.55,2014
09779000,12.47,2015
09779000,12.17,2016
09779000,12.0,2017
09779000,12.0,2018
09779000,12.15,2019
09779000,11.94,2020
09780000,11.72,2012
09780000,9.88,2013
09780000,9.53,2014
09780000,9.99,2015
09780000,9.82,2016
09780000,9.89,2017
09780000,9.84,2018
09780000,9.78,2019
09780000,9.64,2020
10041000,14.5,2012
10041000,13.15,2013
10041000,13.22,2014
10041000,13.81,2015
10041000,13.79,2016
10041000,14.01,2017
10041000,14.42,2018
10041000,14.73,2019
10041000,14.63,2020
10042000,15.37,2012
10042000,13.92,2013
10042000,13.68,2014
10042000,13.48,2015
10042000,13.26,2016
10042000,13.33,2017
10042000,13.65,2018
10042000,13.57,2019
10042000,13.31,2020
10043000,14.69,2012
10043000,13.27,2013
10043000,12.94,2014
10043000,13.19,2015
10043000,13.23,2016
10043000,13.21,2017
10043000,13.54,2018
10043000,13.68,2019
10043000,13.7,2020
10044000,15.5,2012
10044000,14.1,2013
10044000,14.03,2014
10044000,13.97,2015
10044000,13.69,2016
10044000,13.76,2017
10044000,13.93,2018
10044000,13.87,2019
10044000,13.49,2020
10045000,14.09,2012
10045000,13.03,2013
10045000,12.92,2014
10045000,12.98,2015
10045000,12.67,2016
10045000,12.6,2017
10045000,12.73,2018
10045000,12.66,2019
10045000,12.74,2020
10046000,12.54,2012
10046000,11.32,2013
10046000,11.19,2014
10046000,11.21,2015
10046000,11.17,2016
10046000,11.24,2017
10046000,11.03,2018
10046000,10.99,2019
10046000,10.94,2020
11000000,10.69,2012
11000000,10.23,2013
11000000,10.27,2014
11000000,10.68,2015
11000000,10.77,2016
11000000,11.08,2017
11000000,11.26,2018
11000000,11.49,2019
11000000,11.54,2020
12051000,6.71,2012
12051000,5.95,2013
12051000,5.79,2014
12051000,7.13,2015
12051000,7.44,2016
12051000,7.8,2017
12051000,8.03,2018
12051000,8.84,2019
12051000,9.26,2020
12052000,6.38,2012
12052000,5.53,2013
12052000,5.46,2014
12052000,6.76,2015
12052000,6.92,2016
12052000,7.12,2017
12052000,7.45,2018
12052000,7.59,2019
12052000,7.79,2020
12053000,6.03,2012
12053000,5.22,2013
12053000,5.42,2014
12053000,5.88,2015
12053000,6.28,2016
12053000,6.86,2017
12053000,7.65,2018
12053000,7.59,2019
12053000,7.84,2020
12054000,7.01,2012
12054000,6.25,2013
12054000,6.27,2014
12054000,6.81,2015
12054000,6.92,2016
12054000,7.26,2017
12054000,7.69,2018
12054000,8.19,2019
12054000,8.66,2020
12060000,6.31,2012
12060000,5.54,2013
12060000,5.55,2014
12060000,6.26,2015
12060000,6.44,2016
12060000,6.63,2017
12060000,6.91,2018
12060000,7.22,2019
12060000,7.4,2020
12061000,6.49,2012
12061000,5.81,2013
12061000,5.71,2014
12061000,6.06,2015
12061000,6.2,2016
12061000,6.31,2017
12061000,6.58,2018
12061000,6.79,2019
12061000,7.1,2020
12062000,5.17,2012
12062000,4.28,2013
12062000,4.12,2014
12062000,4.15,2015
12062000,4.49,2016
12062000,4.59,2017
12062000,4.78,2018
12062000,4.92,2019
12062000,5.16,2020
12063000,7.59,2012
12063000,6.83,2013
12063000,6.93,2014
12063000,7.35,2015
12063000,7.57,2016
12063000,7.81,2017
12063000,8.16,2018
12063000,8.58,2019
12063000,8.8,2020
12064000,5.93,2012
12064000,5.24,2013
12064000,5.31,2014
12064000,6.02,2015
12064000,6.24,2016
12064000,6.48,2017
12064000,6.77,2018
12064000,7.06,2019
12064000,7.4,2020
12065000,7.2,2012
12065000,6.5,2013
12065000,6.49,2014
12065000,6.97,2015
12065000,7.13,2016
12065000,7.34,2017
12065000,7.73,2018
12065000,8.05,2019
12065000,8.27,2020
12066000,5.48,2012
12066000,4.47,2013
12066000,4.34,2014
12066000,5.18,2015
12066000,5.41,2016
12066000,5.61,2017
12066000,5.94,2018
12066000,6.24,2019
12066000,6.56,2020
12067000,5.51,2012
12067000,4.62,2013
12067000,4.71,2014
12067000,5.49,2015
12067000,5.78,2016
12067000,6.0,2017
12067000,6.2,2018
12067000,6.57,2019
12067000,6.95,2020
12068000,6.7,2012
12068000,5.82,2013
12068000,5.68,2014
12068000,6.87,2015
12068000,7.05,2016
12068000,7.37,2017
12068000,7.68,2018
12068000,7.95,2019
12068000,8.32,2020
12069000,6.12,2012
12069000,5.36,2013
12069000,5.25,2014
12069000,6.12,2015
12069000,6.51,2016
12069000,6.65,2017
12069000,6.84,2018
12069000,7.09,2019
12069000,7.31,2020
12070000,5.84,2012
12070000,5.01,2013
12070000,4.98,2014
12070000,5.7,2015
12070000,6.35,2016
12070000,6.51,2017
12070000,6.74,2018
12070000,7.13,2019
12070000,7.46,2020
12071000,5.45,2012
12071000,4.47,2013
12071000,4.35,2014
12071000,5.62,2015
12071000,5.95,2016
12071000,6.03,2017
12071000,6.19,2018
12071000,6.39,2019
12071000,6.74,2020
12072000,7.22,2012
12072000,6.51,2013
12072000,6.44,2014
12072000,7.13,2015
12072000,7.4,2016
12072000,7.67,2017
12072000,7.9,2018
12072000,8.2,2019
12072000,8.32,2020
12073000,6.15,2012
12073000,5.04,2013
12073000,4.97,2014
12073000,5.87,2015
12073000,6.19,2016
12073000,6.32,2017
12073000,6.57,2018
12073000,7.07,2019
12073000,7.44,2020
13003000,7.13,2012
13003000,6.14,2013
13003000,6.04,2014
13003000,7.2,2015
13003000,7.45,2016
13003000,7.76,2017
13003000,8.22,2018
13003000,8.78,2019
13003000,9.28,2020
13004000,6.36,2012
13004000,5.72,2013
13004000,6.0,2014
13004000,6.18,2015
13004000,6.39,2016
13004000,6.88,2017
13004000,7.36,2018
13004000,7.99,2019
13004000,8.1,2020
13071000,5.76,2012
13071000,4.92,2013
13071000,4.84,2014
13071000,5.74,2015
13071000,5.96,2016
13071000,6.21,2017
13071000,6.56,2018
13071000,6.99,2019
13071000,7.37,2020
13072000,5.42,2012
13072000,4.58,2013
13072000,4.46,2014
13072000,5.14,2015
13072000,5.22,2016
13072000,5.37,2017
13072000,5.49,2018
13072000,5.74,2019
13072000,6.0,2020
13073000,5.24,2012
13073000,4.49,2013
13073000,4.54,2014
13073000,5.54,2015
13073000,5.7,2016
13073000,5.86,2017
13073000,6.21,2018
13073000,6.65,2019
13073000,6.85,2020
13074000,6.2,2012
13074000,5.44,2013
13074000,5.57,2014
13074000,6.6,2015
13074000,6.82,2016
13074000,6.99,2017
13074000,7.24,2018
13074000,7.53,2019
13074000,7.82,2020
13075000,5.73,2012
13075000,4.92,2013
13075000,4.89,2014
13075000,6.6,2015
13075000,6.76,2016
13075000,7.12,2017
13075000,7.42,2018
13075000,7.76,2019
13075000,8.03,2020
13076000,5.84,2012
13076000,5.17,2013
13076000,5.35,2014
13076000,6.39,2015
13076000,6.44,2016
13076000,6.63,2017
13076000,7.04,2018
13076000,7.53,2019
13076000,7.66,2020
14511000,6.02,2012
14511000,4.91,2013
14511000,4.86,2014
14511000,5.91,2015
14511000,6.13,2016
14511000,6.51,2017
14511000,6.92,2018
14511000,7.2,2019
14511000,7.58,2020
14521000,5.0,2012
14521000,4.12,2013
14521000,4.08,2014
14521000,4.79,2015
14521000,5.1,2016
14521000,5.32,2017
14521000,5.49,2018
14521000,5.7,2019
14521000,5.8,2020
14522000,4.94,2012
14522000,4.1,2013
14522000,4.06,2014
14522000,4.66,2015
14522000,4.97,2016
14522000,5.13,2017
14522000,5.31,2018
14522000,5.58,2019
14522000,5.83,2020
14523000,5.11,2012
14523000,4.39,2013
14523000,4.23,2014
14523000,5.22,2015
14523000,5.45,2016
14523000,5.71,2017
14523000,5.96,2018
14523000,6.2,2019
14523000,6.38,2020
14524000,5.34,2012
14524000,4.44,2013
14524000,4.22,2014
14524000,5.39,2015
14524000,5.57,2016
14524000,5.76,2017
14524000,6.14,2018
14524000,6.36,2019
14524000,6.64,2020
14612000,6.6,2012
14612000,5.66,2013
14612000,5.64,2014
14612000,6.24,2015
14612000,6.4,2016
14612000,6.7,2017
14612000,7.08,2018
14612000,7.6,2019
14612000,7.86,2020
14625000,5.25,2012
14625000,4.34,2013
14625000,4.18,2014
14625000,4.88,2015
14625000,5.24,2016
14625000,5.38,2017
14625000,5.52,2018
14625000,5.68,2019
14625000,5.87,2020
14626000,5.7,2012
14626000,4.67,2013
14626000,4.52,2014
14626000,5.06,2015
14626000,5.46,2016
14626000,5.58,2017
14626000,5.77,2018
14626000,5.99,2019
14626000,6.25,2020
14627000,5.18,2012
14627000,4.29,2013
14627000,4.19,2014
14627000,4.82,2015
14627000,4.97,2016
14627000,5.24,2017
14627000,5.56,2018
14627000,5.78,2019
14627000,6.04,2020
14628000,5.27,2012
14628000,4.38,2013
14628000,4.41,2014
14628000,5.31,2015
14628000,5.47,2016
14628000,5.69,2017
14628000,6.0,2018
14628000,6.24,2019
14628000,6.46,2020
14713000,7.29,2012
14713000,6.04,2013
14713000,6.01,2014
14713000,6.7,2015
14713000,6.84,2016
14713000,7.34,2017
14713000,7.89,2018
14713000,8.52,2019
14713000,8.82,2020
14729000,5.36,2012
14729000,4.52,2013
14729000,4.46,2014
14729000,5.22,2015
14729000,5.37,2016
14729000,5.49,2017
14729000,5.73,2018
14729000,5.93,2019
14729000,6.02,2020
14730000,5.72,2012
14730000,4.67,2013
14730000,4.55,2014
14730000,5.59,2015
14730000,5.79,2016
14730000,6.07,2017
14730000,6.34,2018
14730000,6.58,2019
14730000,6.86,2020
15001000,5.59,2012
15001000,4.78,2013
15001000,4.71,2014
15001000,5.73,2015
15001000,5.9,2016
15001000,5.94,2017
15001000,6.29,2018
15001000,6.67,2019
15001000,6.86,2020
15002000,7.71,2012
15002000,6.59,2013
15002000,6.42,2014
15002000,7.45,2015
15002000,7.82,2016
15002000,8.34,2017
15002000,8.86,2018
15002000,9.5,2019
15002000,10.15,2020
15003000,7.21,2012
15003000,6.27,2013
15003000,6.25,2014
15003000,6.72,2015
15003000,6.93,2016
15003000,7.39,2017
15003000,7.89,2018
15003000,8.4,2019
15003000,8.76,2020
15081000,5.99,2012
15081000,5.02,2013
15081000,4.91,2014
15081000,6.5,2015
15081000,6.66,2016
15081000,6.68,2017
15081000,6.8,2018
15081000,7.12,2019
15081000,7.26,2020
15082000,6.0,2012
15082000,4.97,2013
15082000,4.76,2014
15082000,5.44,2015
15082000,5.63,2016
15082000,5.74,2017
15082000,5.97,2018
15082000,6.3,2019
15082000,6.57,2020
15083000,5.79,2012
15083000,5.1,2013
15083000,5.04,2014
15083000,5.87,2015
15083000,5.91,2016
15083000,6.08,2017
15083000,6.3,2018
15083000,6.45,2019
15083000,6.59,2020
15084000,5.72,2012
15084000,4.76,2013
15084000,4.65,2014
15084000,4.94,2015
15084000,5.23,2016
15084000,5.65,2017
15084000,6.1,2018
15084000,6.44,2019
15084000,6.84,2020
15085000,5.77,2012
15085000,4.91,2013
15085000,4.8,2014
15085000,4.97,2015
15085000,5.22,2016
15085000,5.57,2017
15085000,5.63,2018
15085000,5.82,2019
15085000,5.99,2020
15086000,5.3,2012
15086000,4.57,2013
15086000,4.57,2014
15086000,5.4,2015
15086000,5.65,2016
15086000,5.6,2017
15086000,5.89,2018
15086000,6.34,2019
15086000,6.59,2020
15087000,5.61,2012
15087000,4.76,2013
15087000,4.48,2014
15087000,6.39,2015
15087000,6.49,2016
15087000,6.55,2017
15087000,6.7,2018
15087000,6.71,2019
15087000,6.95,2020
15088000,5.76,2012
15088000,4.79,2013
15088000,4.6,2014
15088000,5.57,2015
15088000,5.76,2016
15088000,5.98,2017
15088000,6.09,2018
15088000,6.29,2019
15088000,6.57,2020
15089000,6.45,2012
15089000,5.49,2013
15089000,5.42,2014
15089000,6.37,2015
15089000,6.42,2016
15089000,6.66,2017
15089000,6.77,2018
15089000,7.0,2019
15089000,7.27,2020
15090000,6.04,2012
15090000,4.86,2013
15090000,4.46,2014
15090000,5.93,2015
15090000,6.22,2016
15090000,6.28,2017
15090000,6.44,2018
15090000,6.75,2019
15090000,6.96,2020
15091000,5.46,2012
15091000,4.48,2013
15091000,4.41,2014
15091000,5.2,2015
15091000,5.27,2016
15091000,5.38,2017
15091000,5.55,2018
15091000,5.84,2019
15091000,6.07,2020
16051000,6.56,2012
16051000,5.59,2013
16051000,5.55,2014
16051000,6.45,2015
16051000,6.67,2016
16051000,7.15,2017
16051000,7.8,2018
16051000,8.14,2019
16051000,8.45,2020
16052000,5.48,2012
16052000,4.61,2013
16052000,4.56,2014
16052000,4.66,2015
16052000,4.94,2016
16052000,5.32,2017
16052000,6.19,2018
16052000,6.78,2019
16052000,7.15,2020
16053000,5.67,2012
16053000,4.65,2013
16053000,4.51,2014
16053000,5.12,2015
16053000,5.28,2016
16053000,5.75,2017
16053000,6.35,2018
16053000,6.77,2019
16053000,6.91,2020
16054000,4.8,2012
16054000,4.02,2013
16054000,4.2,2014
16054000,5.59,2015
16054000,5.98,2016
16054000,6.1,2017
16054000,6.49,2018
16054000,7.0,2019
16054000,7.6,2020
16055000,5.85,2012
16055000,4.97,2013
16055000,5.01,2014
16055000,6.32,2015
16055000,6.77,2016
16055000,6.84,2017
16055000,7.23,2018
16055000,7.49,2019
16055000,7.63,2020
16056000,7.31,2012
16056000,6.32,2013
16056000,6.28,2014
16056000,8.09,2015
16056000,8.34,2016
16056000,8.54,2017
16056000,8.91,2018
16056000,9.66,2019
16056000,10.14,2020
16061000,6.13,2012
16061000,4.93,2013
16061000,4.82,2014
16061000,5.77,2015
16061000,5.96,2016
16061000,6.09,2017
16061000,6.45,2018
16061000,6.57,2019
16061000,6.5,2020
16062000,6.22,2012
16062000,5.14,2013
16062000,4.98,2014
16062000,6.37,2015
16062000,6.41,2016
16062000,6.66,2017
16062000,6.95,2018
16062000,7.3,2019
16062000,7.38,2020
16063000,6.07,2012
16063000,5.05,2013
16063000,4.99,2014
16063000,5.38,2015
16063000,5.43,2016
16063000,5.5,2017
16063000,5.82,2018
16063000,6.09,2019
16063000,6.15,2020
16064000,5.74,2012
16064000,4.8,2013
16064000,4.73,2014
16064000,5.29,2015
16064000,5.37,2016
16064000,5.43,2017
16064000,5.66,2018
16064000,5.83,2019
16064000,5.93,2020
16065000,6.51,2012
16065000,5.38,2013
16065000,5.07,2014
16065000,6.07,2015
16065000,6.25,2016
16065000,6.2,2017
16065000,6.42,2018
16065000,6.2,2019
16065000,6.21,2020
16066000,5.47,2012
16066000,4.65,2013
16066000,4.78,2014
16066000,5.23,2015
16066000,5.27,2016
16066000,5.4,2017
16066000,5.64,2018
16066000,5.98,2019
16066000,6.32,2020
16067000,5.89,2012
16067000,5.16,2013
16067000,5.05,2014
16067000,5.91,2015
16067000,6.27,2016
16067000,6.38,2017
16067000,6.99,2018
16067000,7.53,2019
16067000,8.03,2020
16068000,6.73,2012
16068000,5.74,2013
16068000,5.48,2014
16068000,6.94,2015
16068000,6.96,2016
16068000,7.34,2017
16068000,7.6,2018
16068000,7.16,2019
16068000,7.21,2020
16069000,5.47,2012
16069000,4.44,2013
16069000,4.43,2014
16069000,5.63,2015
16069000,5.84,2016
16069000,5.95,2017
16069000,6.4,2018
16069000,6.51,2019
16069000,7.0,2020
16070000,5.72,2012
16070000,4.77,2013
16070000,4.62,2014
16070000,5.71,2015
16070000,6.18,2016
16070000,6.47,2017
16070000,6.8,2018
16070000,7.11,2019
16070000,7.46,2020
16071000,5.17,2012
16071000,4.26,2013
16071000,4.39,2014
16071000,5.76,2015
16071000,6.02,2016
16071000,6.12,2017
16071000,6.43,2018
16071000,6.34,2019
16071000,6.84,2020
16072000,7.43,2012
16072000,6.41,2013
16072000,6.45,2014
16072000,7.32,2015
16072000,7.48,2016
16072000,7.85,2017
16072000,8.33,2018
16072000,8.51,2019
16072000,8.75,2020
16073000,5.75,2012
16073000,4.92,2013
16073000,4.9,2014
16073000,6.09,2015
16073000,6.16,2016
16073000,6.4,2017
16073000,6.77,2018
16073000,6.93,2019
16073000,7.01,2020
16074000,5.21,2012
16074000,4.19,2013
16074000,4.05,2014
16074000,4.37,2015
16074000,4.58,2016
16074000,4.94,2017
16074000,5.06,2018
16074000,5.38,2019
16074000,5.53,2020
16075000,5.16,2012
16075000,4.36,2013
16075000,4.33,2014
16075000,5.66,2015
16075000,5.87,2016
16075000,5.81,2017
16075000,6.11,2018
16075000,6.45,2019
16075000,6.69,2020
16076000,4.57,2012
16076000,3.76,2013
16076000,3.7,2014
16076000,4.69,2015
16076000,4.89,2016
16076000,4.98,2017
16076000,5.24,2018
16076000,5.46,2019
16076000,5.47,2020
16077000,5.74,2012
16077000,4.8,2013
16077000,4.7,2014
16077000,4.89,2015
16077000,5.11,2016
16077000,5.29,2017
16077000,5.52,2018
16077000,5.77,2019
16077000,5.86,2020
