,ID,Value,Year
0,111,12.09,2012
1,111,11.04,2013
2,111,11.07,2014
3,111,11.66,2015
4,111,11.76,2016
5,111,11.9,2017
6,111,12.1,2018
7,111,12.26,2019
8,111,12.28,2020
9,1,11.58,2012
10,1,10.6,2013
11,1,10.58,2014
12,1,11.43,2015
13,1,11.57,2016
14,1,11.8,2017
15,1,11.99,2018
16,1,12.12,2019
17,1,12.21,2020
18,2,11.78,2012
19,2,11.49,2013
20,2,11.77,2014
21,2,12.05,2015
22,2,12.26,2016
23,2,12.58,2017
24,2,12.79,2018
25,2,13.07,2019
26,2,13.12,2020
27,3,12.09,2012
28,3,10.91,2013
29,3,10.91,2014
30,3,11.58,2015
31,3,11.69,2016
32,3,11.79,2017
33,3,11.99,2018
34,3,12.15,2019
35,3,12.24,2020
36,4,12.65,2012
37,4,12.19,2013
38,4,12.5,2014
39,4,13.49,2015
40,4,13.93,2016
41,4,14.55,2017
42,4,14.95,2018
43,4,15.23,2019
44,4,15.49,2020
45,5,14.0,2012
46,5,12.95,2013
47,5,13.11,2014
48,5,13.76,2015
49,5,13.95,2016
50,5,14.09,2017
51,5,14.32,2018
52,5,14.5,2019
53,5,14.55,2020
54,6,12.78,2012
55,6,11.93,2013
56,6,12.14,2014
57,6,12.72,2015
58,6,12.88,2016
59,6,13.04,2017
60,6,13.28,2018
61,6,13.5,2019
62,6,13.56,2020
63,7,13.68,2012
64,7,12.48,2013
65,7,12.51,2014
66,7,13.11,2015
67,7,13.11,2016
68,7,13.15,2017
69,7,13.28,2018
70,7,13.48,2019
71,7,13.52,2020
72,8,14.9,2012
73,8,13.59,2013
74,8,13.58,2014
75,8,14.0,2015
76,8,13.93,2016
77,8,13.98,2017
78,8,14.06,2018
79,8,14.02,2019
80,8,13.84,2020
81,9,12.84,2012
82,9,11.57,2013
83,9,11.43,2014
84,9,11.75,2015
85,9,11.72,2016
86,9,11.72,2017
87,9,11.79,2018
88,9,11.8,2019
89,9,11.65,2020
90,10,14.57,2012
91,10,13.24,2013
92,10,13.16,2014
93,10,13.36,2015
94,10,13.23,2016
95,10,13.31,2017
96,10,13.56,2018
97,10,13.65,2019
98,10,13.52,2020
99,11,10.69,2012
100,11,10.23,2013
101,11,10.27,2014
102,11,10.68,2015
103,11,10.77,2016
104,11,11.08,2017
105,11,11.26,2018
106,11,11.49,2019
107,11,11.54,2020
108,12,6.36,2012
109,12,5.56,2013
110,12,5.53,2014
111,12,6.25,2015
112,12,6.5,2016
113,12,6.72,2017
114,12,7.02,2018
115,12,7.34,2019
116,12,7.63,2020
117,13,5.89,2012
118,13,5.1,2013
119,13,5.12,2014
120,13,6.14,2015
121,13,6.31,2016
122,13,6.55,2017
123,13,6.89,2018
124,13,7.31,2019
125,13,7.59,2020
126,14,5.73,2012
127,14,4.78,2013
128,14,4.71,2014
129,14,5.49,2015
130,14,5.72,2016
131,14,5.99,2017
132,14,6.32,2018
133,14,6.65,2019
134,14,6.9,2020
135,15,6.13,2012
136,15,5.2,2013
137,15,5.07,2014
138,15,5.92,2015
139,15,6.12,2016
140,15,6.37,2017
141,15,6.63,2018
142,15,6.95,2019
143,15,7.25,2020
144,16,5.85,2012
145,16,4.91,2013
146,16,4.85,2014
147,16,5.72,2015
148,16,5.92,2016
149,16,6.13,2017
150,16,6.53,2018
151,16,6.79,2019
152,16,7.01,2020
153,1001000,14.56,2012
154,1001000,13.13,2013
155,1001000,13.43,2014
156,1001000,15.02,2015
157,1001000,15.24,2016
158,1001000,15.7,2017
159,1001000,15.98,2018
160,1001000,16.59,2019
161,1001000,16.89,2020
162,1002000,13.24,2012
163,1002000,12.52,2013
164,1002000,12.63,2014
165,1002000,13.17,2015
166,1002000,13.5,2016
167,1002000,13.88,2017
168,1002000,14.19,2018
169,1002000,14.4,2019
170,1002000,14.54,2020
171,1003000,12.79,2012
172,1003000,11.57,2013
173,1003000,11.73,2014
174,1003000,12.03,2015
175,1003000,12.37,2016
176,1003000,12.85,2017
177,1003000,13.06,2018
178,1003000,13.17,2019
179,1003000,13.25,2020
180,1004000,14.11,2012
181,1004000,12.98,2013
182,1004000,12.68,2014
183,1004000,14.2,2015
184,1004000,14.52,2016
185,1004000,14.99,2017
186,1004000,15.52,2018
187,1004000,15.94,2019
188,1004000,16.33,2020
189,1051000,12.73,2012
190,1051000,11.53,2013
191,1051000,11.21,2014
192,1051000,12.7,2015
193,1051000,12.52,2016
194,1051000,12.66,2017
195,1051000,12.67,2018
196,1051000,12.83,2019
197,1051000,12.78,2020
198,1053000,10.89,2012
199,1053000,9.98,2013
200,1053000,10.02,2014
201,1053000,10.75,2015
202,1053000,10.68,2016
203,1053000,10.78,2017
204,1053000,10.92,2018
205,1053000,11.25,2019
206,1053000,11.5,2020
207,1054000,10.84,2012
208,1054000,10.08,2013
209,1054000,10.11,2014
210,1054000,11.61,2015
211,1054000,11.64,2016
212,1054000,11.72,2017
213,1054000,11.83,2018
214,1054000,11.73,2019
215,1054000,11.9,2020
216,1055000,10.99,2012
217,1055000,10.22,2013
218,1055000,10.09,2014
219,1055000,10.37,2015
220,1055000,10.61,2016
221,1055000,10.59,2017
222,1055000,10.77,2018
223,1055000,10.83,2019
224,1055000,10.56,2020
225,1056000,11.23,2012
226,1056000,10.56,2013
227,1056000,10.54,2014
228,1056000,10.91,2015
229,1056000,11.04,2016
230,1056000,11.39,2017
231,1056000,11.86,2018
232,1056000,11.95,2019
233,1056000,12.13,2020
234,1057000,10.31,2012
235,1057000,9.33,2013
236,1057000,9.27,2014
237,1057000,10.18,2015
238,1057000,10.42,2016
239,1057000,10.7,2017
240,1057000,10.67,2018
241,1057000,10.67,2019
242,1057000,10.73,2020
243,1058000,10.8,2012
244,1058000,9.79,2013
245,1058000,9.56,2014
246,1058000,10.96,2015
247,1058000,10.98,2016
248,1058000,11.05,2017
249,1058000,11.06,2018
250,1058000,11.25,2019
251,1058000,11.5,2020
252,1059000,11.99,2012
253,1059000,10.55,2013
254,1059000,10.72,2014
255,1059000,12.14,2015
256,1059000,12.22,2016
257,1059000,12.32,2017
258,1059000,12.23,2018
259,1059000,12.0,2019
260,1059000,11.9,2020
261,1060000,11.34,2012
262,1060000,10.36,2013
263,1060000,10.36,2014
264,1060000,11.2,2015
265,1060000,11.23,2016
266,1060000,11.35,2017
267,1060000,11.44,2018
268,1060000,11.66,2019
269,1060000,11.66,2020
270,1061000,12.2,2012
271,1061000,10.63,2013
272,1061000,10.54,2014
273,1061000,11.58,2015
274,1061000,11.93,2016
275,1061000,12.09,2017
276,1061000,12.46,2018
277,1061000,12.65,2019
278,1061000,12.64,2020
279,1062000,9.9,2012
280,1062000,8.94,2013
281,1062000,8.97,2014
282,1062000,9.38,2015
283,1062000,9.52,2016
284,1062000,9.85,2017
285,1062000,10.1,2018
286,1062000,10.08,2019
287,1062000,10.26,2020
288,2000000,11.78,2012
289,2000000,11.49,2013
290,2000000,11.77,2014
291,2000000,12.05,2015
292,2000000,12.26,2016
293,2000000,12.58,2017
294,2000000,12.79,2018
295,2000000,13.07,2019
296,2000000,13.12,2020
297,3101000,10.5,2012
298,3101000,9.74,2013
299,3101000,9.86,2014
300,3101000,10.64,2015
301,3101000,10.51,2016
302,3101000,10.73,2017
303,3101000,10.94,2018
304,3101000,11.15,2019
305,3101000,11.12,2020
306,3102000,13.64,2012
307,3102000,12.7,2013
308,3102000,12.94,2014
309,3102000,14.09,2015
310,3102000,14.33,2016
311,3102000,14.36,2017
312,3102000,14.71,2018
313,3102000,15.19,2019
314,3102000,15.28,2020
315,3103000,7.89,2012
316,3103000,7.81,2013
317,3103000,8.04,2014
318,3103000,8.3,2015
319,3103000,8.83,2016
320,3103000,8.85,2017
321,3103000,9.1,2018
322,3103000,9.46,2019
323,3103000,9.72,2020
324,3151000,10.45,2012
325,3151000,9.39,2013
326,3151000,9.49,2014
327,3151000,10.09,2015
328,3151000,10.11,2016
329,3151000,9.97,2017
330,3151000,10.01,2018
331,3151000,9.87,2019
332,3151000,9.9,2020
333,3153000,11.24,2012
334,3153000,9.81,2013
335,3153000,9.67,2014
336,3153000,10.78,2015
337,3153000,10.89,2016
338,3153000,11.13,2017
339,3153000,11.24,2018
340,3153000,11.68,2019
341,3153000,11.73,2020
342,3154000,10.01,2012
343,3154000,8.77,2013
344,3154000,8.86,2014
345,3154000,9.23,2015
346,3154000,9.38,2016
347,3154000,9.14,2017
348,3154000,9.32,2018
349,3154000,9.62,2019
350,3154000,9.6,2020
351,3155000,11.76,2012
352,3155000,10.53,2013
353,3155000,10.34,2014
354,3155000,11.51,2015
355,3155000,11.71,2016
356,3155000,11.96,2017
357,3155000,12.03,2018
358,3155000,11.85,2019
359,3155000,11.96,2020
360,3157000,11.98,2012
361,3157000,10.73,2013
362,3157000,10.64,2014
363,3157000,11.59,2015
364,3157000,11.71,2016
365,3157000,11.77,2017
366,3157000,11.9,2018
367,3157000,11.85,2019
368,3157000,11.8,2020
369,3158000,9.94,2012
370,3158000,8.69,2013
371,3158000,8.79,2014
372,3158000,9.96,2015
373,3158000,10.18,2016
374,3158000,10.22,2017
375,3158000,10.36,2018
376,3158000,10.35,2019
377,3158000,10.25,2020
378,3159000,12.05,2012
379,3159000,10.67,2013
380,3159000,10.6,2014
381,3159000,11.47,2015
382,3159000,11.57,2016
383,3159000,11.68,2017
384,3159000,11.7,2018
385,3159000,12.0,2019
386,3159000,11.98,2020
387,3241000,12.39,2012
388,3241000,11.41,2013
389,3241000,11.52,2014
390,3241000,11.98,2015
391,3241000,11.99,2016
392,3241000,12.17,2017
393,3241000,12.5,2018
394,3241000,12.79,2019
395,3241000,12.86,2020
396,3251000,12.35,2012
397,3251000,11.05,2013
398,3251000,10.94,2014
399,3251000,11.1,2015
400,3251000,11.13,2016
401,3251000,11.13,2017
402,3251000,11.31,2018
403,3251000,11.4,2019
404,3251000,11.31,2020
405,3252000,12.24,2012
406,3252000,11.27,2013
407,3252000,11.17,2014
408,3252000,11.37,2015
409,3252000,11.45,2016
410,3252000,11.4,2017
411,3252000,11.78,2018
412,3252000,12.03,2019
413,3252000,12.14,2020
414,3254000,12.53,2012
415,3254000,10.99,2013
416,3254000,10.97,2014
417,3254000,11.21,2015
418,3254000,11.36,2016
419,3254000,11.41,2017
420,3254000,11.59,2018
421,3254000,11.6,2019
422,3254000,11.69,2020
423,3255000,14.65,2012
424,3255000,12.89,2013
425,3255000,12.68,2014
426,3255000,13.84,2015
427,3255000,13.84,2016
428,3255000,13.59,2017
429,3255000,13.95,2018
430,3255000,13.69,2019
431,3255000,13.77,2020
432,3256000,13.19,2012
433,3256000,11.82,2013
434,3256000,11.89,2014
435,3256000,13.52,2015
436,3256000,13.62,2016
437,3256000,13.67,2017
438,3256000,13.8,2018
439,3256000,13.9,2019
440,3256000,14.08,2020
441,3257000,11.91,2012
442,3257000,10.71,2013
443,3257000,10.57,2014
444,3257000,10.65,2015
445,3257000,10.83,2016
446,3257000,10.92,2017
447,3257000,11.33,2018
448,3257000,11.43,2019
449,3257000,11.81,2020
450,3351000,12.26,2012
451,3351000,10.82,2013
452,3351000,10.74,2014
453,3351000,11.34,2015
454,3351000,11.55,2016
455,3351000,11.53,2017
456,3351000,11.59,2018
457,3351000,11.77,2019
458,3351000,12.12,2020
459,3352000,11.99,2012
460,3352000,11.0,2013
461,3352000,10.93,2014
462,3352000,11.67,2015
463,3352000,11.85,2016
464,3352000,12.01,2017
465,3352000,11.87,2018
466,3352000,11.96,2019
467,3352000,11.87,2020
468,3353000,10.39,2012
469,3353000,9.3,2013
470,3353000,9.33,2014
471,3353000,9.77,2015
472,3353000,9.89,2016
473,3353000,10.02,2017
474,3353000,10.3,2018
475,3353000,10.39,2019
476,3353000,10.47,2020
477,3354000,10.64,2012
478,3354000,9.39,2013
479,3354000,9.27,2014
480,3354000,8.99,2015
481,3354000,9.39,2016
482,3354000,9.66,2017
483,3354000,9.56,2018
484,3354000,9.31,2019
485,3354000,9.63,2020
486,3355000,11.22,2012
487,3355000,9.88,2013
488,3355000,9.92,2014
489,3355000,11.06,2015
490,3355000,11.17,2016
491,3355000,11.2,2017
492,3355000,11.45,2018
493,3355000,11.73,2019
494,3355000,11.76,2020
495,3356000,10.86,2012
496,3356000,9.85,2013
497,3356000,9.91,2014
498,3356000,10.38,2015
499,3356000,10.48,2016
500,3356000,10.52,2017
501,3356000,10.73,2018
502,3356000,10.75,2019
503,3356000,10.55,2020
504,3357000,13.01,2012
505,3357000,11.59,2013
506,3357000,11.47,2014
507,3357000,12.27,2015
508,3357000,12.28,2016
509,3357000,12.52,2017
510,3357000,12.51,2018
511,3357000,12.69,2019
512,3357000,12.7,2020
513,3358000,12.67,2012
514,3358000,11.56,2013
515,3358000,11.43,2014
516,3358000,12.73,2015
517,3358000,12.95,2016
518,3358000,12.84,2017
519,3358000,12.85,2018
520,3358000,12.86,2019
521,3358000,13.11,2020
522,3359000,12.09,2012
523,3359000,10.99,2013
524,3359000,11.17,2014
525,3359000,11.89,2015
526,3359000,12.09,2016
527,3359000,12.15,2017
528,3359000,12.16,2018
529,3359000,12.17,2019
530,3359000,12.23,2020
531,3360000,12.06,2012
532,3360000,10.66,2013
533,3360000,10.69,2014
534,3360000,10.98,2015
535,3360000,11.13,2016
536,3360000,10.98,2017
537,3360000,10.97,2018
538,3360000,11.06,2019
539,3360000,11.18,2020
540,3361000,12.5,2012
541,3361000,11.46,2013
542,3361000,11.41,2014
543,3361000,12.22,2015
544,3361000,12.39,2016
545,3361000,12.51,2017
546,3361000,12.58,2018
547,3361000,12.59,2019
548,3361000,12.68,2020
549,3401000,13.92,2012
550,3401000,12.71,2013
551,3401000,12.68,2014
552,3401000,13.05,2015
553,3401000,13.3,2016
554,3401000,13.76,2017
555,3401000,13.79,2018
556,3401000,14.05,2019
557,3401000,14.66,2020
558,3402000,12.42,2012
559,3402000,11.29,2013
560,3402000,11.51,2014
561,3402000,11.91,2015
562,3402000,12.2,2016
563,3402000,12.5,2017
564,3402000,12.94,2018
565,3402000,12.69,2019
566,3402000,12.94,2020
567,3403000,11.06,2012
568,3403000,10.14,2013
569,3403000,10.23,2014
570,3403000,11.29,2015
571,3403000,11.4,2016
572,3403000,11.74,2017
573,3403000,12.27,2018
574,3403000,12.57,2019
575,3403000,12.97,2020
576,3404000,13.38,2012
577,3404000,12.34,2013
578,3404000,12.35,2014
579,3404000,13.17,2015
580,3404000,13.22,2016
581,3404000,13.76,2017
582,3404000,14.14,2018
583,3404000,14.68,2019
584,3404000,14.97,2020
585,3405000,14.21,2012
586,3405000,13.01,2013
587,3405000,12.93,2014
588,3405000,13.15,2015
589,3405000,13.3,2016
590,3405000,13.58,2017
591,3405000,14.01,2018
592,3405000,14.51,2019
593,3405000,14.82,2020
594,3451000,11.54,2012
595,3451000,10.53,2013
596,3451000,10.28,2014
597,3451000,10.52,2015
598,3451000,10.57,2016
599,3451000,10.56,2017
600,3451000,10.66,2018
601,3451000,10.7,2019
602,3451000,10.85,2020
603,3452000,11.52,2012
604,3452000,10.57,2013
605,3452000,10.63,2014
606,3452000,11.13,2015
607,3452000,11.39,2016
608,3452000,11.36,2017
609,3452000,11.53,2018
610,3452000,11.73,2019
611,3452000,11.71,2020
612,3453000,15.79,2012
613,3453000,14.67,2013
614,3453000,14.62,2014
615,3453000,15.65,2015
616,3453000,15.76,2016
617,3453000,15.92,2017
618,3453000,16.12,2018
619,3453000,16.31,2019
620,3453000,16.65,2020
621,3454000,11.53,2012
622,3454000,9.76,2013
623,3454000,9.74,2014
624,3454000,10.97,2015
625,3454000,11.02,2016
626,3454000,11.2,2017
627,3454000,11.59,2018
628,3454000,11.72,2019
629,3454000,11.88,2020
630,3455000,11.32,2012
631,3455000,10.28,2013
632,3455000,10.37,2014
633,3455000,10.35,2015
634,3455000,10.48,2016
635,3455000,10.38,2017
636,3455000,10.22,2018
637,3455000,10.34,2019
638,3455000,10.4,2020
639,3456000,11.94,2012
640,3456000,10.09,2013
641,3456000,10.01,2014
642,3456000,11.28,2015
643,3456000,11.41,2016
644,3456000,11.45,2017
645,3456000,11.74,2018
646,3456000,12.06,2019
647,3456000,12.12,2020
648,3457000,12.18,2012
649,3457000,10.66,2013
650,3457000,10.75,2014
651,3457000,11.72,2015
652,3457000,11.66,2016
653,3457000,11.57,2017
654,3457000,11.65,2018
655,3457000,11.59,2019
656,3457000,11.63,2020
657,3458000,10.78,2012
658,3458000,9.78,2013
659,3458000,9.65,2014
660,3458000,10.08,2015
661,3458000,10.85,2016
662,3458000,11.1,2017
663,3458000,11.42,2018
664,3458000,11.61,2019
665,3458000,11.63,2020
666,3459000,13.54,2012
667,3459000,12.2,2013
668,3459000,12.1,2014
669,3459000,12.36,2015
670,3459000,12.34,2016
671,3459000,12.36,2017
672,3459000,12.42,2018
673,3459000,12.48,2019
674,3459000,12.58,2020
675,3460000,14.83,2012
676,3460000,13.75,2013
677,3460000,13.63,2014
678,3460000,14.63,2015
679,3460000,14.76,2016
680,3460000,14.91,2017
681,3460000,15.16,2018
682,3460000,15.37,2019
683,3460000,15.54,2020
684,3461000,14.05,2012
685,3461000,12.19,2013
686,3461000,12.15,2014
687,3461000,12.41,2015
688,3461000,12.51,2016
689,3461000,12.59,2017
690,3461000,12.73,2018
691,3461000,12.91,2019
692,3461000,12.7,2020
693,3462000,11.11,2012
694,3462000,10.19,2013
695,3462000,9.94,2014
696,3462000,11.38,2015
697,3462000,11.38,2016
698,3462000,11.69,2017
699,3462000,11.79,2018
700,3462000,11.8,2019
701,3462000,11.87,2020
702,4011000,12.08,2012
703,4011000,11.77,2013
704,4011000,12.09,2014
705,4011000,13.05,2015
706,4011000,13.55,2016
707,4011000,14.12,2017
708,4011000,14.54,2018
709,4011000,14.84,2019
710,4011000,15.13,2020
711,4012000,15.59,2012
712,4012000,14.33,2013
713,4012000,14.61,2014
714,4012000,15.73,2015
715,4012000,15.91,2016
716,4012000,16.73,2017
717,4012000,17.03,2018
718,4012000,17.23,2019
719,4012000,17.36,2020
720,5111000,12.31,2012
721,5111000,11.91,2013
722,5111000,12.04,2014
723,5111000,12.16,2015
724,5111000,12.39,2016
725,5111000,12.51,2017
726,5111000,12.7,2018
727,5111000,12.81,2019
728,5111000,12.73,2020
729,5112000,17.08,2012
730,5112000,15.95,2013
731,5112000,16.03,2014
732,5112000,16.88,2015
733,5112000,17.2,2016
734,5112000,17.67,2017
735,5112000,18.13,2018
736,5112000,18.44,2019
737,5112000,18.78,2020
738,5113000,12.64,2012
739,5113000,11.86,2013
740,5113000,12.04,2014
741,5113000,12.65,2015
742,5113000,13.79,2016
743,5113000,13.98,2017
744,5113000,14.13,2018
745,5113000,14.44,2019
746,5113000,14.64,2020
747,5114000,14.02,2012
748,5114000,13.33,2013
749,5114000,13.69,2014
750,5114000,14.36,2015
751,5114000,14.76,2016
752,5114000,15.2,2017
753,5114000,15.46,2018
754,5114000,15.53,2019
755,5114000,15.81,2020
756,5116000,14.68,2012
757,5116000,13.96,2013
758,5116000,14.26,2014
759,5116000,14.68,2015
760,5116000,14.9,2016
761,5116000,15.27,2017
762,5116000,15.73,2018
763,5116000,16.14,2019
764,5116000,16.53,2020
765,5117000,13.51,2012
766,5117000,12.48,2013
767,5117000,12.66,2014
768,5117000,12.58,2015
769,5117000,12.65,2016
770,5117000,12.58,2017
771,5117000,12.64,2018
772,5117000,13.08,2019
773,5117000,13.05,2020
774,5119000,14.46,2012
775,5119000,13.29,2013
776,5119000,13.27,2014
777,5119000,14.41,2015
778,5119000,14.53,2016
779,5119000,14.64,2017
780,5119000,14.84,2018
781,5119000,15.07,2019
782,5119000,15.32,2020
783,5120000,16.77,2012
784,5120000,15.62,2013
785,5120000,16.05,2014
786,5120000,16.82,2015
787,5120000,16.99,2016
788,5120000,17.35,2017
789,5120000,17.55,2018
790,5120000,17.79,2019
791,5120000,17.78,2020
792,5122000,17.18,2012
793,5122000,16.46,2013
794,5122000,16.54,2014
795,5122000,17.83,2015
796,5122000,17.88,2016
797,5122000,18.01,2017
798,5122000,18.29,2018
799,5122000,18.28,2019
800,5122000,18.03,2020
801,5124000,17.15,2012
802,5124000,16.37,2013
803,5124000,16.57,2014
804,5124000,17.13,2015
805,5124000,17.22,2016
806,5124000,17.45,2017
807,5124000,17.81,2018
808,5124000,18.01,2019
809,5124000,17.99,2020
810,5154000,13.12,2012
811,5154000,11.72,2013
812,5154000,11.77,2014
813,5154000,12.12,2015
814,5154000,12.28,2016
815,5154000,12.54,2017
816,5154000,12.54,2018
817,5154000,12.69,2019
818,5154000,12.88,2020
819,5158000,13.01,2012
820,5158000,12.38,2013
821,5158000,12.51,2014
822,5158000,12.67,2015
823,5158000,12.68,2016
824,5158000,12.74,2017
825,5158000,12.83,2018
826,5158000,12.87,2019
827,5158000,12.83,2020
828,5162000,12.85,2012
829,5162000,12.05,2013
830,5162000,12.24,2014
831,5162000,12.37,2015
832,5162000,12.46,2016
833,5162000,12.61,2017
834,5162000,12.76,2018
835,5162000,12.86,2019
836,5162000,12.92,2020
837,5166000,12.65,2012
838,5166000,11.64,2013
839,5166000,11.83,2014
840,5166000,12.12,2015
841,5166000,12.16,2016
842,5166000,12.26,2017
843,5166000,12.36,2018
844,5166000,12.37,2019
845,5166000,12.39,2020
846,5170000,13.15,2012
847,5170000,11.47,2013
848,5170000,11.44,2014
849,5170000,11.73,2015
850,5170000,11.79,2016
851,5170000,11.96,2017
852,5170000,12.2,2018
853,5170000,12.2,2019
854,5170000,12.38,2020
855,5314000,13.05,2012
856,5314000,12.36,2013
857,5314000,12.66,2014
858,5314000,13.3,2015
859,5314000,13.47,2016
860,5314000,13.53,2017
861,5314000,13.64,2018
862,5314000,14.05,2019
863,5314000,14.18,2020
864,5315000,14.02,2012
865,5315000,13.42,2013
866,5315000,13.65,2014
867,5315000,14.18,2015
868,5315000,14.37,2016
869,5315000,14.51,2017
870,5315000,14.72,2018
871,5315000,14.86,2019
872,5315000,14.78,2020
873,5316000,13.82,2012
874,5316000,12.95,2013
875,5316000,13.03,2014
876,5316000,13.97,2015
877,5316000,13.95,2016
878,5316000,14.18,2017
879,5316000,14.48,2018
880,5316000,14.67,2019
881,5316000,14.74,2020
882,5334000,14.89,2012
883,5334000,13.9,2013
884,5334000,14.19,2014
885,5334000,15.07,2015
886,5334000,15.32,2016
887,5334000,15.36,2017
888,5334000,15.83,2018
889,5334000,16.14,2019
890,5334000,16.12,2020
891,5358000,14.95,2012
892,5358000,13.57,2013
893,5358000,13.8,2014
894,5358000,14.84,2015
895,5358000,14.81,2016
896,5358000,15.03,2017
897,5358000,15.04,2018
898,5358000,15.12,2019
899,5358000,15.06,2020
900,5362000,13.18,2012
901,5362000,12.41,2013
902,5362000,12.66,2014
903,5362000,12.83,2015
904,5362000,13.03,2016
905,5362000,13.09,2017
906,5362000,13.25,2018
907,5362000,13.45,2019
908,5362000,13.42,2020
909,5366000,15.02,2012
910,5366000,13.64,2013
911,5366000,13.72,2014
912,5366000,13.83,2015
913,5366000,13.74,2016
914,5366000,13.59,2017
915,5366000,13.84,2018
916,5366000,13.78,2019
917,5366000,13.75,2020
918,5370000,14.68,2012
919,5370000,13.22,2013
920,5370000,13.29,2014
921,5370000,14.86,2015
922,5370000,15.03,2016
923,5370000,15.2,2017
924,5370000,15.31,2018
925,5370000,15.09,2019
926,5370000,15.26,2020
927,5374000,16.08,2012
928,5374000,14.65,2013
929,5374000,14.6,2014
930,5374000,15.33,2015
931,5374000,15.33,2016
932,5374000,15.27,2017
933,5374000,15.3,2018
934,5374000,15.24,2019
935,5374000,14.98,2020
936,5378000,11.51,2012
937,5378000,10.46,2013
938,5378000,10.62,2014
939,5378000,11.32,2015
940,5378000,11.31,2016
941,5378000,11.43,2017
942,5378000,11.71,2018
943,5378000,11.74,2019
944,5378000,11.51,2020
945,5382000,13.15,2012
946,5382000,12.22,2013
947,5382000,12.36,2014
948,5382000,13.05,2015
949,5382000,13.08,2016
950,5382000,13.08,2017
951,5382000,13.2,2018
952,5382000,13.35,2019
953,5382000,13.33,2020
954,5512000,12.73,2012
955,5512000,11.71,2013
956,5512000,12.01,2014
957,5512000,13.17,2015
958,5512000,13.14,2016
959,5512000,13.11,2017
960,5512000,13.48,2018
961,5512000,13.51,2019
962,5512000,13.47,2020
963,5513000,14.17,2012
964,5513000,13.44,2013
965,5513000,13.75,2014
966,5513000,15.57,2015
967,5513000,15.98,2016
968,5513000,16.38,2017
969,5513000,16.76,2018
970,5513000,17.41,2019
971,5513000,17.66,2020
972,5515000,11.98,2012
973,5515000,11.13,2013
974,5515000,11.25,2014
975,5515000,12.34,2015
976,5515000,12.48,2016
977,5515000,12.71,2017
978,5515000,12.87,2018
979,5515000,13.24,2019
980,5515000,13.29,2020
981,5554000,13.62,2012
982,5554000,11.77,2013
983,5554000,11.68,2014
984,5554000,12.93,2015
985,5554000,12.95,2016
986,5554000,13.05,2017
987,5554000,13.12,2018
988,5554000,13.1,2019
989,5554000,13.02,2020
990,5558000,10.62,2012
991,5558000,9.33,2013
992,5558000,9.48,2014
993,5558000,10.53,2015
994,5558000,10.8,2016
995,5558000,10.84,2017
996,5558000,11.01,2018
997,5558000,11.04,2019
998,5558000,11.13,2020
999,5562000,12.75,2012
1000,5562000,11.75,2013
1001,5562000,11.87,2014
1002,5562000,11.99,2015
1003,5562000,12.14,2016
1004,5562000,12.34,2017
1005,5562000,12.63,2018
1006,5562000,12.95,2019
1007,5562000,13.21,2020
1008,5566000,13.2,2012
1009,5566000,11.89,2013
1010,5566000,12.1,2014
1011,5566000,13.28,2015
1012,5566000,13.36,2016
1013,5566000,13.53,2017
1014,5566000,13.74,2018
1015,5566000,13.93,2019
1016,5566000,14.0,2020
1017,5570000,13.02,2012
1018,5570000,11.65,2013
1019,5570000,11.78,2014
1020,5570000,12.98,2015
1021,5570000,13.2,2016
1022,5570000,13.45,2017
1023,5570000,13.73,2018
1024,5570000,13.87,2019
1025,5570000,13.87,2020
1026,5711000,16.16,2012
1027,5711000,15.02,2013
1028,5711000,15.18,2014
1029,5711000,15.63,2015
1030,5711000,15.75,2016
1031,5711000,15.89,2017
1032,5711000,16.38,2018
1033,5711000,16.57,2019
1034,5711000,16.83,2020
1035,5754000,15.65,2012
1036,5754000,14.4,2013
1037,5754000,14.56,2014
1038,5754000,14.86,2015
1039,5754000,15.13,2016
1040,5754000,15.41,2017
1041,5754000,15.96,2018
1042,5754000,16.07,2019
1043,5754000,16.33,2020
1044,5758000,14.64,2012
1045,5758000,13.4,2013
1046,5758000,13.51,2014
1047,5758000,14.65,2015
1048,5758000,14.64,2016
1049,5758000,14.92,2017
1050,5758000,15.11,2018
1051,5758000,15.19,2019
1052,5758000,15.3,2020
1053,5762000,14.13,2012
1054,5762000,12.15,2013
1055,5762000,12.21,2014
1056,5762000,13.1,2015
1057,5762000,13.02,2016
1058,5762000,12.98,2017
1059,5762000,12.91,2018
1060,5762000,12.77,2019
1061,5762000,12.51,2020
1062,5766000,14.39,2012
1063,5766000,12.98,2013
1064,5766000,12.9,2014
1065,5766000,13.52,2015
1066,5766000,13.48,2016
1067,5766000,13.51,2017
1068,5766000,13.56,2018
1069,5766000,13.82,2019
1070,5766000,13.97,2020
1071,5770000,14.75,2012
1072,5770000,13.17,2013
1073,5770000,13.28,2014
1074,5770000,14.37,2015
1075,5770000,14.38,2016
1076,5770000,14.39,2017
1077,5770000,14.61,2018
1078,5770000,14.67,2019
1079,5770000,14.6,2020
1080,5774000,14.77,2012
1081,5774000,13.31,2013
1082,5774000,13.36,2014
1083,5774000,13.42,2015
1084,5774000,13.57,2016
1085,5774000,13.54,2017
1086,5774000,13.71,2018
1087,5774000,13.74,2019
1088,5774000,13.71,2020
1089,5911000,13.39,2012
1090,5911000,12.4,2013
1091,5911000,12.55,2014
1092,5911000,12.81,2015
1093,5911000,13.12,2016
1094,5911000,13.25,2017
1095,5911000,13.48,2018
1096,5911000,14.19,2019
1097,5911000,14.51,2020
1098,5913000,12.92,2012
1099,5913000,12.31,2013
1100,5913000,12.71,2014
1101,5913000,14.07,2015
1102,5913000,14.41,2016
1103,5913000,14.88,2017
1104,5913000,15.37,2018
1105,5913000,15.71,2019
1106,5913000,16.14,2020
1107,5914000,16.96,2012
1108,5914000,16.24,2013
1109,5914000,16.47,2014
1110,5914000,17.57,2015
1111,5914000,17.84,2016
1112,5914000,18.11,2017
1113,5914000,18.7,2018
1114,5914000,18.97,2019
1115,5914000,19.11,2020
1116,5915000,15.21,2012
1117,5915000,13.84,2013
1118,5915000,14.2,2014
1119,5915000,14.39,2015
1120,5915000,14.73,2016
1121,5915000,15.24,2017
1122,5915000,15.74,2018
1123,5915000,16.26,2019
1124,5915000,16.5,2020
1125,5916000,14.42,2012
1126,5916000,13.67,2013
1127,5916000,13.81,2014
1128,5916000,14.19,2015
1129,5916000,14.61,2016
1130,5916000,15.07,2017
1131,5916000,15.61,2018
1132,5916000,16.31,2019
1133,5916000,16.81,2020
1134,5954000,12.75,2012
1135,5954000,11.69,2013
1136,5954000,11.79,2014
1137,5954000,12.96,2015
1138,5954000,13.09,2016
1139,5954000,13.01,2017
1140,5954000,13.34,2018
1141,5954000,13.52,2019
1142,5954000,13.54,2020
1143,5958000,14.15,2012
1144,5958000,12.65,2013
1145,5958000,12.69,2014
1146,5958000,13.69,2015
1147,5958000,14.22,2016
1148,5958000,14.26,2017
1149,5958000,14.34,2018
1150,5958000,14.45,2019
1151,5958000,14.37,2020
1152,5962000,18.05,2012
1153,5962000,17.15,2013
1154,5962000,17.34,2014
1155,5962000,17.84,2015
1156,5962000,17.83,2016
1157,5962000,17.86,2017
1158,5962000,18.15,2018
1159,5962000,18.11,2019
1160,5962000,17.87,2020
1161,5966000,15.72,2012
1162,5966000,14.16,2013
1163,5966000,14.16,2014
1164,5966000,15.08,2015
1165,5966000,15.03,2016
1166,5966000,14.79,2017
1167,5966000,14.79,2018
1168,5966000,14.78,2019
1169,5966000,14.41,2020
1170,5970000,14.44,2012
1171,5970000,13.05,2013
1172,5970000,13.2,2014
1173,5970000,13.58,2015
1174,5970000,13.64,2016
1175,5970000,13.53,2017
1176,5970000,13.54,2018
1177,5970000,13.56,2019
1178,5970000,13.57,2020
1179,5974000,14.0,2012
1180,5974000,12.86,2013
1181,5974000,12.7,2014
1182,5974000,12.88,2015
1183,5974000,13.16,2016
1184,5974000,13.29,2017
1185,5974000,13.34,2018
1186,5974000,13.26,2019
1187,5974000,13.06,2020
1188,5978000,12.96,2012
1189,5978000,11.88,2013
1190,5978000,12.32,2014
1191,5978000,12.96,2015
1192,5978000,13.74,2016
1193,5978000,13.88,2017
1194,5978000,14.07,2018
1195,5978000,14.37,2019
1196,5978000,14.39,2020
1197,6411000,14.72,2012
1198,6411000,13.67,2013
1199,6411000,13.83,2014
1200,6411000,14.38,2015
1201,6411000,14.55,2016
1202,6411000,14.78,2017
1203,6411000,15.03,2018
1204,6411000,15.45,2019
1205,6411000,15.48,2020
1206,6412000,13.5,2012
1207,6412000,13.44,2013
1208,6412000,13.6,2014
1209,6412000,13.87,2015
1210,6412000,13.99,2016
1211,6412000,14.19,2017
1212,6412000,14.39,2018
1213,6412000,14.67,2019
1214,6412000,14.6,2020
1215,6413000,18.3,2012
1216,6413000,18.24,2013
1217,6413000,18.78,2014
1218,6413000,19.58,2015
1219,6413000,19.97,2016
1220,6413000,20.35,2017
1221,6413000,20.55,2018
1222,6413000,20.68,2019
1223,6413000,20.7,2020
1224,6414000,13.61,2012
1225,6414000,13.28,2013
1226,6414000,13.6,2014
1227,6414000,13.84,2015
1228,6414000,13.92,2016
1229,6414000,14.28,2017
1230,6414000,14.69,2018
1231,6414000,14.95,2019
1232,6414000,15.08,2020
1233,6431000,12.22,2012
1234,6431000,11.33,2013
1235,6431000,11.61,2014
1236,6431000,11.74,2015
1237,6431000,11.76,2016
1238,6431000,11.94,2017
1239,6431000,12.14,2018
1240,6431000,12.33,2019
1241,6431000,12.51,2020
1242,6432000,12.67,2012
1243,6432000,11.73,2013
1244,6432000,11.95,2014
1245,6432000,12.28,2015
1246,6432000,12.38,2016
1247,6432000,12.55,2017
1248,6432000,12.93,2018
1249,6432000,12.94,2019
1250,6432000,13.01,2020
1251,6433000,14.24,2012
1252,6433000,13.8,2013
1253,6433000,14.12,2014
1254,6433000,14.53,2015
1255,6433000,14.86,2016
1256,6433000,15.02,2017
1257,6433000,15.47,2018
1258,6433000,15.67,2019
1259,6433000,15.78,2020
1260,6434000,9.93,2012
1261,6434000,9.42,2013
1262,6434000,9.74,2014
1263,6434000,9.9,2015
1264,6434000,9.9,2016
1265,6434000,10.03,2017
1266,6434000,10.21,2018
1267,6434000,10.38,2019
1268,6434000,10.43,2020
1269,6435000,13.05,2012
1270,6435000,12.01,2013
1271,6435000,12.27,2014
1272,6435000,12.9,2015
1273,6435000,13.14,2016
1274,6435000,13.28,2017
1275,6435000,13.69,2018
1276,6435000,13.85,2019
1277,6435000,13.84,2020
1278,6436000,10.13,2012
1279,6436000,9.43,2013
1280,6436000,9.54,2014
1281,6436000,9.81,2015
1282,6436000,10.02,2016
1283,6436000,10.36,2017
1284,6436000,10.71,2018
1285,6436000,11.0,2019
1286,6436000,11.08,2020
1287,6437000,15.59,2012
1288,6437000,14.3,2013
1289,6437000,14.53,2014
1290,6437000,15.47,2015
1291,6437000,15.67,2016
1292,6437000,15.31,2017
1293,6437000,15.79,2018
1294,6437000,15.82,2019
1295,6437000,15.58,2020
1296,6438000,12.86,2012
1297,6438000,12.24,2013
1298,6438000,12.5,2014
1299,6438000,13.15,2015
1300,6438000,13.25,2016
1301,6438000,13.49,2017
1302,6438000,13.74,2018
1303,6438000,14.14,2019
1304,6438000,14.21,2020
1305,6439000,10.66,2012
1306,6439000,9.62,2013
1307,6439000,9.91,2014
1308,6439000,10.15,2015
1309,6439000,10.2,2016
1310,6439000,10.22,2017
1311,6439000,10.34,2018
1312,6439000,10.7,2019
1313,6439000,10.64,2020
1314,6440000,11.75,2012
1315,6440000,10.8,2013
1316,6440000,11.07,2014
1317,6440000,11.67,2015
1318,6440000,11.73,2016
1319,6440000,11.75,2017
1320,6440000,12.07,2018
1321,6440000,12.22,2019
1322,6440000,12.37,2020
1323,6531000,13.9,2012
1324,6531000,12.68,2013
1325,6531000,12.82,2014
1326,6531000,13.5,2015
1327,6531000,13.58,2016
1328,6531000,13.84,2017
1329,6531000,14.08,2018
1330,6531000,14.46,2019
1331,6531000,14.73,2020
1332,6532000,14.37,2012
1333,6532000,12.97,2013
1334,6532000,13.03,2014
1335,6532000,13.94,2015
1336,6532000,13.77,2016
1337,6532000,13.79,2017
1338,6532000,13.97,2018
1339,6532000,14.08,2019
1340,6532000,13.98,2020
1341,6533000,12.29,2012
1342,6533000,11.23,2013
1343,6533000,11.37,2014
1344,6533000,11.86,2015
1345,6533000,12.09,2016
1346,6533000,12.34,2017
1347,6533000,12.45,2018
1348,6533000,12.6,2019
1349,6533000,12.69,2020
1350,6534000,13.27,2012
1351,6534000,12.51,2013
1352,6534000,12.71,2014
1353,6534000,13.81,2015
1354,6534000,13.91,2016
1355,6534000,14.07,2017
1356,6534000,14.13,2018
1357,6534000,14.38,2019
1358,6534000,14.25,2020
1359,6535000,13.21,2012
1360,6535000,11.48,2013
1361,6535000,11.53,2014
1362,6535000,12.94,2015
1363,6535000,12.84,2016
1364,6535000,12.6,2017
1365,6535000,12.74,2018
1366,6535000,12.82,2019
1367,6535000,13.0,2020
1368,6611000,13.14,2012
1369,6611000,12.45,2013
1370,6611000,12.69,2014
1371,6611000,13.09,2015
1372,6611000,13.63,2016
1373,6611000,14.07,2017
1374,6611000,14.2,2018
1375,6611000,14.52,2019
1376,6611000,14.88,2020
1377,6631000,12.33,2012
1378,6631000,10.52,2013
1379,6631000,10.68,2014
1380,6631000,11.62,2015
1381,6631000,11.53,2016
1382,6631000,11.65,2017
1383,6631000,11.77,2018
1384,6631000,12.1,2019
1385,6631000,12.26,2020
1386,6632000,11.93,2012
1387,6632000,10.14,2013
1388,6632000,10.34,2014
1389,6632000,11.47,2015
1390,6632000,11.65,2016
1391,6632000,11.88,2017
1392,6632000,12.11,2018
1393,6632000,12.46,2019
1394,6632000,12.67,2020
1395,6633000,10.18,2012
1396,6633000,9.07,2013
1397,6633000,9.24,2014
1398,6633000,9.35,2015
1399,6633000,9.99,2016
1400,6633000,10.1,2017
1401,6633000,10.17,2018
1402,6633000,10.11,2019
1403,6633000,10.38,2020
1404,6634000,11.65,2012
1405,6634000,10.41,2013
1406,6634000,10.53,2014
1407,6634000,11.49,2015
1408,6634000,11.89,2016
1409,6634000,12.01,2017
1410,6634000,12.04,2018
1411,6634000,12.08,2019
1412,6634000,12.14,2020
1413,6635000,13.29,2012
1414,6635000,11.94,2013
1415,6635000,11.92,2014
1416,6635000,13.18,2015
1417,6635000,13.28,2016
1418,6635000,13.05,2017
1419,6635000,12.99,2018
1420,6635000,13.05,2019
1421,6635000,13.04,2020
1422,6636000,10.98,2012
1423,6636000,9.48,2013
1424,6636000,9.52,2014
1425,6636000,11.16,2015
1426,6636000,11.19,2016
1427,6636000,11.27,2017
1428,6636000,11.45,2018
1429,6636000,11.59,2019
1430,6636000,11.6,2020
1431,7111000,14.73,2012
1432,7111000,13.44,2013
1433,7111000,13.66,2014
1434,7111000,14.6,2015
1435,7111000,14.72,2016
1436,7111000,14.74,2017
1437,7111000,15.09,2018
1438,7111000,15.66,2019
1439,7111000,15.77,2020
1440,7131000,12.05,2012
1441,7131000,10.67,2013
1442,7131000,10.77,2014
1443,7131000,11.36,2015
1444,7131000,11.54,2016
1445,7131000,11.71,2017
1446,7131000,11.65,2018
1447,7131000,12.07,2019
1448,7131000,12.08,2020
1449,7132000,15.03,2012
1450,7132000,13.47,2013
1451,7132000,13.48,2014
1452,7132000,14.29,2015
1453,7132000,14.09,2016
1454,7132000,14.16,2017
1455,7132000,14.3,2018
1456,7132000,14.35,2019
1457,7132000,14.02,2020
1458,7133000,14.78,2012
1459,7133000,13.51,2013
1460,7133000,13.43,2014
1461,7133000,14.47,2015
1462,7133000,14.53,2016
1463,7133000,14.54,2017
1464,7133000,14.61,2018
1465,7133000,14.61,2019
1466,7133000,14.58,2020
1467,7134000,15.9,2012
1468,7134000,14.08,2013
1469,7134000,14.16,2014
1470,7134000,15.24,2015
1471,7134000,14.97,2016
1472,7134000,14.97,2017
1473,7134000,14.91,2018
1474,7134000,14.94,2019
1475,7134000,14.74,2020
1476,7135000,12.62,2012
1477,7135000,11.24,2013
1478,7135000,11.1,2014
1479,7135000,12.4,2015
1480,7135000,12.22,2016
1481,7135000,12.22,2017
1482,7135000,12.42,2018
1483,7135000,12.55,2019
1484,7135000,12.5,2020
1485,7137000,13.25,2012
1486,7137000,11.71,2013
1487,7137000,11.62,2014
1488,7137000,12.14,2015
1489,7137000,12.14,2016
1490,7137000,12.0,2017
1491,7137000,12.11,2018
1492,7137000,12.25,2019
1493,7137000,12.37,2020
1494,7138000,14.43,2012
1495,7138000,12.88,2013
1496,7138000,12.62,2014
1497,7138000,12.82,2015
1498,7138000,12.66,2016
1499,7138000,12.64,2017
1500,7138000,12.86,2018
1501,7138000,13.14,2019
1502,7138000,13.38,2020
1503,7140000,13.35,2012
1504,7140000,11.93,2013
1505,7140000,11.91,2014
1506,7140000,12.48,2015
1507,7140000,12.23,2016
1508,7140000,12.13,2017
1509,7140000,12.19,2018
1510,7140000,12.16,2019
1511,7140000,12.32,2020
1512,7141000,13.18,2012
1513,7141000,11.59,2013
1514,7141000,11.65,2014
1515,7141000,12.92,2015
1516,7141000,12.79,2016
1517,7141000,12.86,2017
1518,7141000,12.8,2018
1519,7141000,13.06,2019
1520,7141000,13.16,2020
1521,7143000,13.35,2012
1522,7143000,11.91,2013
1523,7143000,11.85,2014
1524,7143000,12.26,2015
1525,7143000,12.39,2016
1526,7143000,12.39,2017
1527,7143000,12.47,2018
1528,7143000,12.63,2019
1529,7143000,12.72,2020
1530,7211000,15.02,2012
1531,7211000,13.99,2013
1532,7211000,14.24,2014
1533,7211000,15.71,2015
1534,7211000,15.68,2016
1535,7211000,15.77,2017
1536,7211000,16.16,2018
1537,7211000,16.74,2019
1538,7211000,16.83,2020
1539,7231000,13.83,2012
1540,7231000,12.43,2013
1541,7231000,12.2,2014
1542,7231000,12.24,2015
1543,7231000,12.08,2016
1544,7231000,12.12,2017
1545,7231000,12.25,2018
1546,7231000,12.41,2019
1547,7231000,12.75,2020
1548,7232000,14.55,2012
1549,7232000,12.94,2013
1550,7232000,13.15,2014
1551,7232000,14.36,2015
1552,7232000,14.23,2016
1553,7232000,14.03,2017
1554,7232000,14.23,2018
1555,7232000,14.38,2019
1556,7232000,14.32,2020
1557,7233000,13.73,2012
1558,7233000,12.38,2013
1559,7233000,12.17,2014
1560,7233000,13.17,2015
1561,7233000,13.21,2016
1562,7233000,12.91,2017
1563,7233000,13.08,2018
1564,7233000,13.12,2019
1565,7233000,12.89,2020
1566,7235000,12.72,2012
1567,7235000,11.25,2013
1568,7235000,11.11,2014
1569,7235000,11.9,2015
1570,7235000,11.89,2016
1571,7235000,11.77,2017
1572,7235000,11.76,2018
1573,7235000,11.91,2019
1574,7235000,11.99,2020
1575,7311000,16.38,2012
1576,7311000,15.05,2013
1577,7311000,15.12,2014
1578,7311000,15.12,2015
1579,7311000,15.01,2016
1580,7311000,15.41,2017
1581,7311000,15.93,2018
1582,7311000,16.09,2019
1583,7311000,16.2,2020
1584,7312000,15.42,2012
1585,7312000,14.58,2013
1586,7312000,14.82,2014
1587,7312000,14.92,2015
1588,7312000,15.03,2016
1589,7312000,15.05,2017
1590,7312000,15.6,2018
1591,7312000,16.06,2019
1592,7312000,16.27,2020
1593,7313000,14.6,2012
1594,7313000,13.3,2013
1595,7313000,13.51,2014
1596,7313000,14.73,2015
1597,7313000,14.84,2016
1598,7313000,14.82,2017
1599,7313000,14.92,2018
1600,7313000,14.93,2019
1601,7313000,14.93,2020
1602,7314000,15.99,2012
1603,7314000,15.65,2013
1604,7314000,16.15,2014
1605,7314000,16.64,2015
1606,7314000,16.73,2016
1607,7314000,17.27,2017
1608,7314000,17.48,2018
1609,7314000,18.1,2019
1610,7314000,18.38,2020
1611,7315000,13.62,2012
1612,7315000,13.05,2013
1613,7315000,13.22,2014
1614,7315000,13.76,2015
1615,7315000,13.76,2016
1616,7315000,14.04,2017
1617,7315000,14.36,2018
1618,7315000,14.8,2019
1619,7315000,14.73,2020
1620,7316000,11.92,2012
1621,7316000,10.89,2013
1622,7316000,11.36,2014
1623,7316000,12.3,2015
1624,7316000,12.13,2016
1625,7316000,12.33,2017
1626,7316000,12.44,2018
1627,7316000,12.74,2019
1628,7316000,12.99,2020
1629,7317000,18.1,2012
1630,7317000,17.19,2013
1631,7317000,16.61,2014
1632,7317000,18.98,2015
1633,7317000,19.02,2016
1634,7317000,19.27,2017
1635,7317000,19.64,2018
1636,7317000,20.11,2019
1637,7317000,20.24,2020
1638,7318000,14.88,2012
1639,7318000,13.7,2013
1640,7318000,13.67,2014
1641,7318000,13.6,2015
1642,7318000,13.59,2016
1643,7318000,13.39,2017
1644,7318000,13.53,2018
1645,7318000,13.61,2019
1646,7318000,13.62,2020
1647,7319000,17.98,2012
1648,7319000,17.59,2013
1649,7319000,17.61,2014
1650,7319000,18.29,2015
1651,7319000,18.49,2016
1652,7319000,18.28,2017
1653,7319000,18.41,2018
1654,7319000,18.93,2019
1655,7319000,19.02,2020
1656,7320000,13.63,2012
1657,7320000,12.8,2013
1658,7320000,12.77,2014
1659,7320000,14.14,2015
1660,7320000,14.03,2016
1661,7320000,14.32,2017
1662,7320000,14.71,2018
1663,7320000,14.34,2019
1664,7320000,14.71,2020
1665,7331000,12.76,2012
1666,7331000,11.8,2013
1667,7331000,11.65,2014
1668,7331000,11.82,2015
1669,7331000,11.83,2016
1670,7331000,11.92,2017
1671,7331000,12.16,2018
1672,7331000,12.41,2019
1673,7331000,12.5,2020
1674,7332000,11.6,2012
1675,7332000,10.51,2013
1676,7332000,10.63,2014
1677,7332000,11.31,2015
1678,7332000,11.42,2016
1679,7332000,11.42,2017
1680,7332000,11.64,2018
1681,7332000,11.7,2019
1682,7332000,11.55,2020
1683,7333000,14.76,2012
1684,7333000,13.53,2013
1685,7333000,13.7,2014
1686,7333000,13.87,2015
1687,7333000,13.86,2016
1688,7333000,13.86,2017
1689,7333000,13.5,2018
1690,7333000,13.67,2019
1691,7333000,13.44,2020
1692,7334000,15.28,2012
1693,7334000,13.96,2013
1694,7334000,13.94,2014
1695,7334000,14.32,2015
1696,7334000,14.24,2016
1697,7334000,14.27,2017
1698,7334000,14.24,2018
1699,7334000,13.98,2019
1700,7334000,13.84,2020
1701,7335000,12.59,2012
1702,7335000,11.12,2013
1703,7335000,11.21,2014
1704,7335000,11.2,2015
1705,7335000,11.15,2016
1706,7335000,11.13,2017
1707,7335000,11.22,2018
1708,7335000,11.52,2019
1709,7335000,11.55,2020
1710,7336000,13.09,2012
1711,7336000,11.73,2013
1712,7336000,11.55,2014
1713,7336000,11.73,2015
1714,7336000,11.62,2016
1715,7336000,11.81,2017
1716,7336000,11.72,2018
1717,7336000,11.66,2019
1718,7336000,11.57,2020
1719,7337000,12.5,2012
1720,7337000,11.29,2013
1721,7337000,11.35,2014
1722,7337000,12.16,2015
1723,7337000,12.13,2016
1724,7337000,12.03,2017
1725,7337000,11.7,2018
1726,7337000,11.6,2019
1727,7337000,11.45,2020
1728,7338000,10.92,2012
1729,7338000,10.05,2013
1730,7338000,10.13,2014
1731,7338000,10.49,2015
1732,7338000,10.63,2016
1733,7338000,10.6,2017
1734,7338000,10.71,2018
1735,7338000,11.08,2019
1736,7338000,11.18,2020
1737,7339000,10.86,2012
1738,7339000,9.89,2013
1739,7339000,9.94,2014
1740,7339000,10.3,2015
1741,7339000,10.5,2016
1742,7339000,10.55,2017
1743,7339000,10.7,2018
1744,7339000,10.9,2019
1745,7339000,10.88,2020
1746,7340000,13.16,2012
1747,7340000,11.79,2013
1748,7340000,11.8,2014
1749,7340000,12.4,2015
1750,7340000,12.15,2016
1751,7340000,11.97,2017
1752,7340000,11.86,2018
1753,7340000,11.74,2019
1754,7340000,11.73,2020
1755,8111000,15.1,2012
1756,8111000,14.4,2013
1757,8111000,14.54,2014
1758,8111000,14.81,2015
1759,8111000,14.61,2016
1760,8111000,14.59,2017
1761,8111000,14.52,2018
1762,8111000,14.33,2019
1763,8111000,14.0,2020
1764,8115000,14.06,2012
1765,8115000,13.04,2013
1766,8115000,13.08,2014
1767,8115000,13.24,2015
1768,8115000,13.07,2016
1769,8115000,13.26,2017
1770,8115000,13.4,2018
1771,8115000,13.21,2019
1772,8115000,12.97,2020
1773,8116000,14.07,2012
1774,8116000,12.83,2013
1775,8116000,13.08,2014
1776,8116000,13.39,2015
1777,8116000,13.22,2016
1778,8116000,13.28,2017
1779,8116000,13.38,2018
1780,8116000,13.31,2019
1781,8116000,13.08,2020
1782,8117000,15.69,2012
1783,8117000,14.4,2013
1784,8117000,14.46,2014
1785,8117000,14.95,2015
1786,8117000,14.77,2016
1787,8117000,14.67,2017
1788,8117000,14.77,2018
1789,8117000,14.61,2019
1790,8117000,14.33,2020
1791,8118000,14.87,2012
1792,8118000,13.66,2013
1793,8118000,13.53,2014
1794,8118000,13.54,2015
1795,8118000,13.35,2016
1796,8118000,13.34,2017
1797,8118000,13.36,2018
1798,8118000,13.28,2019
1799,8118000,13.11,2020
1800,8119000,14.13,2012
1801,8119000,12.98,2013
1802,8119000,12.93,2014
1803,8119000,13.76,2015
1804,8119000,13.76,2016
1805,8119000,13.77,2017
1806,8119000,13.79,2018
1807,8119000,13.67,2019
1808,8119000,13.41,2020
1809,8121000,17.74,2012
1810,8121000,16.79,2013
1811,8121000,16.73,2014
1812,8121000,17.21,2015
1813,8121000,17.64,2016
1814,8121000,17.63,2017
1815,8121000,17.96,2018
1816,8121000,18.16,2019
1817,8121000,18.03,2020
1818,8125000,14.26,2012
1819,8125000,12.78,2013
1820,8125000,12.71,2014
1821,8125000,13.07,2015
1822,8125000,13.1,2016
1823,8125000,13.12,2017
1824,8125000,13.28,2018
1825,8125000,13.19,2019
1826,8125000,12.93,2020
1827,8126000,16.76,2012
1828,8126000,15.13,2013
1829,8126000,14.92,2014
1830,8126000,15.03,2015
1831,8126000,14.76,2016
1832,8126000,14.92,2017
1833,8126000,14.98,2018
1834,8126000,14.88,2019
1835,8126000,14.67,2020
1836,8127000,15.86,2012
1837,8127000,13.92,2013
1838,8127000,13.61,2014
1839,8127000,14.47,2015
1840,8127000,14.52,2016
1841,8127000,14.59,2017
1842,8127000,14.62,2018
1843,8127000,14.64,2019
1844,8127000,14.5,2020
1845,8128000,14.2,2012
1846,8128000,12.66,2013
1847,8128000,12.25,2014
1848,8128000,12.91,2015
1849,8128000,12.92,2016
1850,8128000,13.02,2017
1851,8128000,13.24,2018
1852,8128000,13.32,2019
1853,8128000,13.2,2020
1854,8135000,15.44,2012
1855,8135000,14.05,2013
1856,8135000,14.06,2014
1857,8135000,14.73,2015
1858,8135000,14.59,2016
1859,8135000,14.65,2017
1860,8135000,14.7,2018
1861,8135000,14.88,2019
1862,8135000,14.62,2020
1863,8136000,14.03,2012
1864,8136000,12.39,2013
1865,8136000,12.28,2014
1866,8136000,13.05,2015
1867,8136000,13.01,2016
1868,8136000,12.88,2017
1869,8136000,12.83,2018
1870,8136000,12.78,2019
1871,8136000,12.61,2020
1872,8211000,13.87,2012
1873,8211000,12.49,2013
1874,8211000,12.52,2014
1875,8211000,12.38,2015
1876,8211000,12.56,2016
1877,8211000,13.05,2017
1878,8211000,13.53,2018
1879,8211000,13.73,2019
1880,8211000,13.76,2020
1881,8212000,14.22,2012
1882,8212000,13.38,2013
1883,8212000,13.65,2014
1884,8212000,14.26,2015
1885,8212000,14.17,2016
1886,8212000,14.19,2017
1887,8212000,14.26,2018
1888,8212000,14.18,2019
1889,8212000,13.94,2020
1890,8215000,13.12,2012
1891,8215000,12.0,2013
1892,8215000,12.1,2014
1893,8215000,12.44,2015
1894,8215000,12.49,2016
1895,8215000,12.64,2017
1896,8215000,12.87,2018
1897,8215000,12.89,2019
1898,8215000,12.95,2020
1899,8216000,15.36,2012
1900,8216000,13.84,2013
1901,8216000,13.99,2014
1902,8216000,13.89,2015
1903,8216000,13.81,2016
1904,8216000,13.94,2017
1905,8216000,13.97,2018
1906,8216000,13.55,2019
1907,8216000,13.48,2020
1908,8221000,13.03,2012
1909,8221000,11.94,2013
1910,8221000,12.08,2014
1911,8221000,12.59,2015
1912,8221000,12.44,2016
1913,8221000,12.63,2017
1914,8221000,12.71,2018
1915,8221000,12.88,2019
1916,8221000,12.68,2020
1917,8222000,15.35,2012
1918,8222000,14.74,2013
1919,8222000,14.83,2014
1920,8222000,15.23,2015
1921,8222000,15.31,2016
1922,8222000,15.52,2017
1923,8222000,15.64,2018
1924,8222000,15.8,2019
1925,8222000,15.84,2020
1926,8225000,15.39,2012
1927,8225000,13.49,2013
1928,8225000,13.62,2014
1929,8225000,15.26,2015
1930,8225000,15.17,2016
1931,8225000,14.97,2017
1932,8225000,15.06,2018
1933,8225000,15.04,2019
1934,8225000,14.78,2020
1935,8226000,12.65,2012
1936,8226000,11.7,2013
1937,8226000,11.63,2014
1938,8226000,11.96,2015
1939,8226000,11.98,2016
1940,8226000,12.09,2017
1941,8226000,12.16,2018
1942,8226000,12.22,2019
1943,8226000,12.26,2020
1944,8231000,19.7,2012
1945,8231000,18.18,2013
1946,8231000,18.6,2014
1947,8231000,19.04,2015
1948,8231000,18.99,2016
1949,8231000,19.31,2017
1950,8231000,20.18,2018
1951,8231000,20.35,2019
1952,8231000,20.65,2020
1953,8235000,15.18,2012
1954,8235000,13.57,2013
1955,8235000,13.6,2014
1956,8235000,13.54,2015
1957,8235000,13.51,2016
1958,8235000,13.61,2017
1959,8235000,13.67,2018
1960,8235000,13.68,2019
1961,8235000,13.42,2020
1962,8236000,14.07,2012
1963,8236000,12.29,2013
1964,8236000,12.26,2014
1965,8236000,12.67,2015
1966,8236000,12.62,2016
1967,8236000,12.79,2017
1968,8236000,12.73,2018
1969,8236000,12.89,2019
1970,8236000,12.89,2020
1971,8237000,15.35,2012
1972,8237000,13.86,2013
1973,8237000,13.73,2014
1974,8237000,13.87,2015
1975,8237000,13.67,2016
1976,8237000,13.66,2017
1977,8237000,13.76,2018
1978,8237000,13.95,2019
1979,8237000,13.9,2020
1980,8311000,14.2,2012
1981,8311000,12.9,2013
1982,8311000,12.95,2014
1983,8311000,13.76,2015
1984,8311000,13.85,2016
1985,8311000,13.93,2017
1986,8311000,13.88,2018
1987,8311000,14.15,2019
1988,8311000,13.93,2020
1989,8315000,14.21,2012
1990,8315000,12.71,2013
1991,8315000,12.67,2014
1992,8315000,12.94,2015
1993,8315000,12.96,2016
1994,8315000,12.97,2017
1995,8315000,13.24,2018
1996,8315000,13.23,2019
1997,8315000,12.98,2020
1998,8316000,13.63,2012
1999,8316000,12.44,2013
2000,8316000,12.32,2014
2001,8316000,12.82,2015
2002,8316000,12.98,2016
2003,8316000,12.87,2017
2004,8316000,12.91,2018
2005,8316000,13.01,2019
2006,8316000,12.87,2020
2007,8317000,15.11,2012
2008,8317000,13.61,2013
2009,8317000,13.62,2014
2010,8317000,13.99,2015
2011,8317000,13.99,2016
2012,8317000,14.09,2017
2013,8317000,14.21,2018
2014,8317000,14.28,2019
2015,8317000,14.0,2020
2016,8325000,17.47,2012
2017,8325000,15.6,2013
2018,8325000,15.19,2014
2019,8325000,15.42,2015
2020,8325000,15.24,2016
2021,8325000,15.16,2017
2022,8325000,15.18,2018
2023,8325000,14.95,2019
2024,8325000,14.79,2020
2025,8326000,17.07,2012
2026,8326000,15.7,2013
2027,8326000,15.61,2014
2028,8326000,15.68,2015
2029,8326000,15.63,2016
2030,8326000,15.74,2017
2031,8326000,15.82,2018
2032,8326000,15.66,2019
2033,8326000,15.3,2020
2034,8327000,21.16,2012
2035,8327000,19.2,2013
2036,8327000,19.19,2014
2037,8327000,19.03,2015
2038,8327000,18.64,2016
2039,8327000,18.73,2017
2040,8327000,18.76,2018
2041,8327000,18.6,2019
2042,8327000,18.07,2020
2043,8335000,15.93,2012
2044,8335000,14.77,2013
2045,8335000,14.81,2014
2046,8335000,14.96,2015
2047,8335000,15.08,2016
2048,8335000,15.12,2017
2049,8335000,15.1,2018
2050,8335000,15.16,2019
2051,8335000,15.0,2020
2052,8336000,18.07,2012
2053,8336000,16.49,2013
2054,8336000,16.44,2014
2055,8336000,16.9,2015
2056,8336000,16.77,2016
2057,8336000,16.84,2017
2058,8336000,16.74,2018
2059,8336000,16.73,2019
2060,8336000,16.38,2020
2061,8337000,19.43,2012
2062,8337000,17.24,2013
2063,8337000,17.28,2014
2064,8337000,17.67,2015
2065,8337000,17.53,2016
2066,8337000,17.47,2017
2067,8337000,17.51,2018
2068,8337000,17.34,2019
2069,8337000,16.88,2020
2070,8415000,15.14,2012
2071,8415000,13.85,2013
2072,8415000,13.85,2014
2073,8415000,14.21,2015
2074,8415000,14.19,2016
2075,8415000,14.11,2017
2076,8415000,14.2,2018
2077,8415000,14.3,2019
2078,8415000,14.16,2020
2079,8416000,13.52,2012
2080,8416000,12.65,2013
2081,8416000,12.46,2014
2082,8416000,12.96,2015
2083,8416000,12.86,2016
2084,8416000,12.84,2017
2085,8416000,12.92,2018
2086,8416000,12.76,2019
2087,8416000,12.68,2020
2088,8417000,18.08,2012
2089,8417000,16.39,2013
2090,8417000,16.27,2014
2091,8417000,16.53,2015
2092,8417000,16.24,2016
2093,8417000,15.87,2017
2094,8417000,15.9,2018
2095,8417000,15.72,2019
2096,8417000,15.5,2020
2097,8421000,14.55,2012
2098,8421000,13.63,2013
2099,8421000,13.65,2014
2100,8421000,14.46,2015
2101,8421000,14.46,2016
2102,8421000,14.69,2017
2103,8421000,15.12,2018
2104,8421000,15.32,2019
2105,8421000,15.14,2020
2106,8425000,13.69,2012
2107,8425000,12.24,2013
2108,8425000,12.32,2014
2109,8425000,12.69,2015
2110,8425000,12.67,2016
2111,8425000,12.77,2017
2112,8425000,13.02,2018
2113,8425000,12.98,2019
2114,8425000,12.76,2020
2115,8426000,14.05,2012
2116,8426000,12.32,2013
2117,8426000,12.2,2014
2118,8426000,12.88,2015
2119,8426000,12.75,2016
2120,8426000,12.81,2017
2121,8426000,12.86,2018
2122,8426000,12.8,2019
2123,8426000,12.67,2020
2124,8435000,12.85,2012
2125,8435000,11.79,2013
2126,8435000,11.69,2014
2127,8435000,12.41,2015
2128,8435000,12.15,2016
2129,8435000,12.21,2017
2130,8435000,12.26,2018
2131,8435000,12.01,2019
2132,8435000,11.89,2020
2133,8436000,14.16,2012
2134,8436000,12.2,2013
2135,8436000,12.06,2014
2136,8436000,13.08,2015
2137,8436000,13.02,2016
2138,8436000,13.08,2017
2139,8436000,13.02,2018
2140,8436000,13.02,2019
2141,8436000,12.81,2020
2142,8437000,16.15,2012
2143,8437000,14.59,2013
2144,8437000,14.45,2014
2145,8437000,15.32,2015
2146,8437000,15.28,2016
2147,8437000,15.16,2017
2148,8437000,15.02,2018
2149,8437000,14.99,2019
2150,8437000,14.5,2020
2151,9161000,14.23,2012
2152,9161000,13.07,2013
2153,9161000,12.65,2014
2154,9161000,12.64,2015
2155,9161000,12.68,2016
2156,9161000,12.58,2017
2157,9161000,12.74,2018
2158,9161000,12.69,2019
2159,9161000,12.71,2020
2160,9162000,11.95,2012
2161,9162000,11.61,2013
2162,9162000,11.68,2014
2163,9162000,11.85,2015
2164,9162000,11.84,2016
2165,9162000,11.81,2017
2166,9162000,11.91,2018
2167,9162000,11.99,2019
2168,9162000,11.67,2020
2169,9163000,14.82,2012
2170,9163000,13.37,2013
2171,9163000,13.4,2014
2172,9163000,13.1,2015
2173,9163000,13.21,2016
2174,9163000,13.21,2017
2175,9163000,13.33,2018
2176,9163000,13.35,2019
2177,9163000,12.94,2020
2178,9171000,12.6,2012
2179,9171000,11.2,2013
2180,9171000,10.89,2014
2181,9171000,10.85,2015
2182,9171000,10.78,2016
2183,9171000,10.77,2017
2184,9171000,10.85,2018
2185,9171000,10.75,2019
2186,9171000,10.71,2020
2187,9172000,12.22,2012
2188,9172000,10.73,2013
2189,9172000,10.69,2014
2190,9172000,11.41,2015
2191,9172000,11.36,2016
2192,9172000,11.48,2017
2193,9172000,11.29,2018
2194,9172000,11.18,2019
2195,9172000,11.17,2020
2196,9173000,11.57,2012
2197,9173000,10.19,2013
2198,9173000,9.95,2014
2199,9173000,10.32,2015
2200,9173000,10.42,2016
2201,9173000,10.41,2017
2202,9173000,10.32,2018
2203,9173000,10.46,2019
2204,9173000,10.16,2020
2205,9174000,10.8,2012
2206,9174000,9.85,2013
2207,9174000,9.91,2014
2208,9174000,9.96,2015
2209,9174000,10.1,2016
2210,9174000,10.04,2017
2211,9174000,10.4,2018
2212,9174000,10.42,2019
2213,9174000,10.47,2020
2214,9175000,10.1,2012
2215,9175000,8.95,2013
2216,9175000,8.79,2014
2217,9175000,9.52,2015
2218,9175000,9.82,2016
2219,9175000,10.1,2017
2220,9175000,10.38,2018
2221,9175000,10.4,2019
2222,9175000,10.43,2020
2223,9176000,12.83,2012
2224,9176000,10.93,2013
2225,9176000,10.56,2014
2226,9176000,10.46,2015
2227,9176000,10.31,2016
2228,9176000,10.42,2017
2229,9176000,10.53,2018
2230,9176000,10.64,2019
2231,9176000,10.35,2020
2232,9177000,11.79,2012
2233,9177000,10.41,2013
2234,9177000,10.22,2014
2235,9177000,10.46,2015
2236,9177000,10.45,2016
2237,9177000,10.5,2017
2238,9177000,10.68,2018
2239,9177000,10.9,2019
2240,9177000,11.12,2020
2241,9178000,12.28,2012
2242,9178000,11.52,2013
2243,9178000,11.61,2014
2244,9178000,11.96,2015
2245,9178000,11.95,2016
2246,9178000,11.87,2017
2247,9178000,12.11,2018
2248,9178000,12.31,2019
2249,9178000,12.33,2020
2250,9179000,10.54,2012
2251,9179000,9.75,2013
2252,9179000,9.76,2014
2253,9179000,10.14,2015
2254,9179000,10.15,2016
2255,9179000,10.32,2017
2256,9179000,10.49,2018
2257,9179000,10.8,2019
2258,9179000,10.75,2020
2259,9180000,11.27,2012
2260,9180000,9.99,2013
2261,9180000,10.06,2014
2262,9180000,10.58,2015
2263,9180000,10.61,2016
2264,9180000,10.62,2017
2265,9180000,10.69,2018
2266,9180000,10.64,2019
2267,9180000,10.4,2020
2268,9181000,11.14,2012
2269,9181000,9.66,2013
2270,9181000,9.67,2014
2271,9181000,9.94,2015
2272,9181000,9.96,2016
2273,9181000,9.97,2017
2274,9181000,10.12,2018
2275,9181000,10.28,2019
2276,9181000,10.14,2020
2277,9182000,10.74,2012
2278,9182000,9.39,2013
2279,9182000,9.23,2014
2280,9182000,9.71,2015
2281,9182000,9.47,2016
2282,9182000,9.51,2017
2283,9182000,9.55,2018
2284,9182000,9.71,2019
2285,9182000,9.6,2020
2286,9183000,12.99,2012
2287,9183000,11.31,2013
2288,9183000,11.02,2014
2289,9183000,12.07,2015
2290,9183000,12.1,2016
2291,9183000,11.86,2017
2292,9183000,11.59,2018
2293,9183000,11.74,2019
2294,9183000,11.53,2020
2295,9184000,9.88,2012
2296,9184000,9.1,2013
2297,9184000,9.1,2014
2298,9184000,9.42,2015
2299,9184000,9.47,2016
2300,9184000,9.68,2017
2301,9184000,9.91,2018
2302,9184000,10.1,2019
2303,9184000,10.09,2020
2304,9185000,13.77,2012
2305,9185000,12.05,2013
2306,9185000,11.82,2014
2307,9185000,12.07,2015
2308,9185000,12.25,2016
2309,9185000,12.3,2017
2310,9185000,12.0,2018
2311,9185000,11.8,2019
2312,9185000,11.57,2020
2313,9186000,12.22,2012
2314,9186000,10.65,2013
2315,9186000,10.65,2014
2316,9186000,10.79,2015
2317,9186000,10.82,2016
2318,9186000,10.9,2017
2319,9186000,11.1,2018
2320,9186000,10.91,2019
2321,9186000,10.8,2020
2322,9187000,11.54,2012
2323,9187000,10.03,2013
2324,9187000,9.86,2014
2325,9187000,9.74,2015
2326,9187000,9.62,2016
2327,9187000,9.66,2017
2328,9187000,9.77,2018
2329,9187000,9.76,2019
2330,9187000,9.63,2020
2331,9188000,9.46,2012
2332,9188000,8.92,2013
2333,9188000,8.89,2014
2334,9188000,9.06,2015
2335,9188000,9.21,2016
2336,9188000,9.33,2017
2337,9188000,9.39,2018
2338,9188000,9.5,2019
2339,9188000,9.6,2020
2340,9189000,13.3,2012
2341,9189000,11.38,2013
2342,9189000,11.17,2014
2343,9189000,11.67,2015
2344,9189000,11.51,2016
2345,9189000,11.31,2017
2346,9189000,11.27,2018
2347,9189000,11.11,2019
2348,9189000,10.97,2020
2349,9190000,12.33,2012
2350,9190000,10.76,2013
2351,9190000,10.61,2014
2352,9190000,11.64,2015
2353,9190000,11.53,2016
2354,9190000,11.4,2017
2355,9190000,11.43,2018
2356,9190000,11.34,2019
2357,9190000,11.3,2020
2358,9261000,13.47,2012
2359,9261000,12.56,2013
2360,9261000,12.71,2014
2361,9261000,12.64,2015
2362,9261000,12.71,2016
2363,9261000,12.99,2017
2364,9261000,13.37,2018
2365,9261000,13.39,2019
2366,9261000,13.47,2020
2367,9262000,13.11,2012
2368,9262000,11.64,2013
2369,9262000,11.31,2014
2370,9262000,12.3,2015
2371,9262000,12.7,2016
2372,9262000,13.06,2017
2373,9262000,13.5,2018
2374,9262000,13.47,2019
2375,9262000,13.26,2020
2376,9263000,14.6,2012
2377,9263000,13.11,2013
2378,9263000,12.63,2014
2379,9263000,14.26,2015
2380,9263000,14.48,2016
2381,9263000,15.52,2017
2382,9263000,16.13,2018
2383,9263000,16.29,2019
2384,9263000,16.2,2020
2385,9271000,13.82,2012
2386,9271000,12.25,2013
2387,9271000,12.09,2014
2388,9271000,12.51,2015
2389,9271000,12.34,2016
2390,9271000,12.55,2017
2391,9271000,12.34,2018
2392,9271000,12.2,2019
2393,9271000,12.28,2020
2394,9272000,14.11,2012
2395,9272000,12.12,2013
2396,9272000,11.99,2014
2397,9272000,11.81,2015
2398,9272000,11.53,2016
2399,9272000,11.42,2017
2400,9272000,11.16,2018
2401,9272000,10.59,2019
2402,9272000,10.47,2020
2403,9273000,14.08,2012
2404,9273000,12.32,2013
2405,9273000,12.13,2014
2406,9273000,12.2,2015
2407,9273000,12.27,2016
2408,9273000,12.23,2017
2409,9273000,12.44,2018
2410,9273000,12.3,2019
2411,9273000,12.15,2020
2412,9274000,12.2,2012
2413,9274000,10.67,2013
2414,9274000,10.58,2014
2415,9274000,10.57,2015
2416,9274000,10.79,2016
2417,9274000,10.85,2017
2418,9274000,10.75,2018
2419,9274000,10.52,2019
2420,9274000,10.37,2020
2421,9275000,13.85,2012
2422,9275000,12.38,2013
2423,9275000,11.82,2014
2424,9275000,11.92,2015
2425,9275000,11.98,2016
2426,9275000,11.86,2017
2427,9275000,11.86,2018
2428,9275000,11.59,2019
2429,9275000,11.21,2020
2430,9276000,13.91,2012
2431,9276000,12.06,2013
2432,9276000,11.64,2014
2433,9276000,12.3,2015
2434,9276000,11.94,2016
2435,9276000,11.91,2017
2436,9276000,11.98,2018
2437,9276000,11.73,2019
2438,9276000,11.29,2020
2439,9277000,13.27,2012
2440,9277000,11.65,2013
2441,9277000,11.53,2014
2442,9277000,11.84,2015
2443,9277000,11.7,2016
2444,9277000,11.7,2017
2445,9277000,11.48,2018
2446,9277000,11.36,2019
2447,9277000,11.16,2020
2448,9278000,12.91,2012
2449,9278000,10.96,2013
2450,9278000,10.78,2014
2451,9278000,11.75,2015
2452,9278000,11.58,2016
2453,9278000,11.67,2017
2454,9278000,11.57,2018
2455,9278000,11.43,2019
2456,9278000,11.31,2020
2457,9279000,16.6,2012
2458,9279000,15.15,2013
2459,9279000,14.91,2014
2460,9279000,14.59,2015
2461,9279000,14.5,2016
2462,9279000,14.67,2017
2463,9279000,14.68,2018
2464,9279000,14.29,2019
2465,9279000,14.02,2020
2466,9361000,15.87,2012
2467,9361000,14.39,2013
2468,9361000,13.7,2014
2469,9361000,14.51,2015
2470,9361000,14.38,2016
2471,9361000,14.47,2017
2472,9361000,14.69,2018
2473,9361000,14.87,2019
2474,9361000,14.98,2020
2475,9362000,12.44,2012
2476,9362000,11.94,2013
2477,9362000,11.79,2014
2478,9362000,12.44,2015
2479,9362000,12.54,2016
2480,9362000,12.61,2017
2481,9362000,12.83,2018
2482,9362000,12.88,2019
2483,9362000,12.84,2020
2484,9363000,15.81,2012
2485,9363000,14.56,2013
2486,9363000,14.13,2014
2487,9363000,13.89,2015
2488,9363000,13.95,2016
2489,9363000,13.91,2017
2490,9363000,14.37,2018
2491,9363000,14.64,2019
2492,9363000,14.66,2020
2493,9371000,12.93,2012
2494,9371000,11.08,2013
2495,9371000,10.77,2014
2496,9371000,11.36,2015
2497,9371000,11.2,2016
2498,9371000,11.02,2017
2499,9371000,11.0,2018
2500,9371000,10.85,2019
2501,9371000,10.71,2020
2502,9372000,13.65,2012
2503,9372000,11.79,2013
2504,9372000,11.52,2014
2505,9372000,12.36,2015
2506,9372000,12.12,2016
2507,9372000,11.97,2017
2508,9372000,11.71,2018
2509,9372000,11.46,2019
2510,9372000,11.03,2020
2511,9373000,13.04,2012
2512,9373000,11.09,2013
2513,9373000,10.84,2014
2514,9373000,11.64,2015
2515,9373000,11.52,2016
2516,9373000,11.39,2017
2517,9373000,11.42,2018
2518,9373000,11.47,2019
2519,9373000,11.26,2020
2520,9374000,14.3,2012
2521,9374000,12.48,2013
2522,9374000,12.02,2014
2523,9374000,11.59,2015
2524,9374000,11.24,2016
2525,9374000,11.24,2017
2526,9374000,11.13,2018
2527,9374000,10.94,2019
2528,9374000,10.42,2020
2529,9375000,11.94,2012
2530,9375000,10.49,2013
2531,9375000,10.44,2014
2532,9375000,10.85,2015
2533,9375000,10.78,2016
2534,9375000,10.65,2017
2535,9375000,10.77,2018
2536,9375000,10.79,2019
2537,9375000,10.57,2020
2538,9376000,13.81,2012
2539,9376000,11.93,2013
2540,9376000,11.51,2014
2541,9376000,12.14,2015
2542,9376000,12.15,2016
2543,9376000,12.13,2017
2544,9376000,12.12,2018
2545,9376000,12.02,2019
2546,9376000,11.86,2020
2547,9377000,14.16,2012
2548,9377000,12.47,2013
2549,9377000,11.82,2014
2550,9377000,11.89,2015
2551,9377000,11.48,2016
2552,9377000,11.15,2017
2553,9377000,10.95,2018
2554,9377000,10.82,2019
2555,9377000,10.37,2020
2556,9461000,13.85,2012
2557,9461000,12.92,2013
2558,9461000,12.95,2014
2559,9461000,14.2,2015
2560,9461000,13.89,2016
2561,9461000,13.59,2017
2562,9461000,13.65,2018
2563,9461000,13.77,2019
2564,9461000,13.43,2020
2565,9462000,14.11,2012
2566,9462000,12.73,2013
2567,9462000,12.68,2014
2568,9462000,12.75,2015
2569,9462000,12.57,2016
2570,9462000,12.45,2017
2571,9462000,12.46,2018
2572,9462000,12.71,2019
2573,9462000,12.69,2020
2574,9463000,12.5,2012
2575,9463000,11.66,2013
2576,9463000,11.59,2014
2577,9463000,11.56,2015
2578,9463000,11.55,2016
2579,9463000,11.64,2017
2580,9463000,12.2,2018
2581,9463000,12.14,2019
2582,9463000,12.03,2020
2583,9464000,13.4,2012
2584,9464000,12.56,2013
2585,9464000,12.37,2014
2586,9464000,12.52,2015
2587,9464000,12.26,2016
2588,9464000,12.66,2017
2589,9464000,13.09,2018
2590,9464000,13.08,2019
2591,9464000,13.45,2020
2592,9471000,13.4,2012
2593,9471000,11.57,2013
2594,9471000,11.28,2014
2595,9471000,11.44,2015
2596,9471000,11.41,2016
2597,9471000,11.57,2017
2598,9471000,11.48,2018
2599,9471000,11.41,2019
2600,9471000,11.37,2020
2601,9472000,11.44,2012
2602,9472000,9.86,2013
2603,9472000,9.81,2014
2604,9472000,9.67,2015
2605,9472000,9.51,2016
2606,9472000,9.51,2017
2607,9472000,9.3,2018
2608,9472000,9.23,2019
2609,9472000,9.08,2020
2610,9473000,12.54,2012
2611,9473000,11.33,2013
2612,9473000,10.9,2014
2613,9473000,10.6,2015
2614,9473000,10.59,2016
2615,9473000,10.42,2017
2616,9473000,10.11,2018
2617,9473000,9.96,2019
2618,9473000,9.79,2020
2619,9474000,13.03,2012
2620,9474000,11.73,2013
2621,9474000,11.21,2014
2622,9474000,10.85,2015
2623,9474000,10.91,2016
2624,9474000,10.73,2017
2625,9474000,10.72,2018
2626,9474000,10.58,2019
2627,9474000,10.49,2020
2628,9475000,11.12,2012
2629,9475000,9.85,2013
2630,9475000,9.76,2014
2631,9475000,9.81,2015
2632,9475000,9.7,2016
2633,9475000,9.54,2017
2634,9475000,9.43,2018
2635,9475000,9.48,2019
2636,9475000,9.34,2020
2637,9476000,16.17,2012
2638,9476000,14.59,2013
2639,9476000,14.09,2014
2640,9476000,13.8,2015
2641,9476000,13.39,2016
2642,9476000,13.17,2017
2643,9476000,12.96,2018
2644,9476000,12.67,2019
2645,9476000,12.43,2020
2646,9477000,11.31,2012
2647,9477000,9.72,2013
2648,9477000,9.58,2014
2649,9477000,9.52,2015
2650,9477000,9.4,2016
2651,9477000,9.4,2017
2652,9477000,9.41,2018
2653,9477000,9.44,2019
2654,9477000,9.53,2020
2655,9478000,15.85,2012
2656,9478000,13.91,2013
2657,9478000,13.43,2014
2658,9478000,14.34,2015
2659,9478000,13.85,2016
2660,9478000,13.73,2017
2661,9478000,13.35,2018
2662,9478000,13.3,2019
2663,9478000,13.06,2020
2664,9479000,15.67,2012
2665,9479000,14.3,2013
2666,9479000,13.92,2014
2667,9479000,14.3,2015
2668,9479000,14.0,2016
2669,9479000,13.89,2017
2670,9479000,13.82,2018
2671,9479000,13.77,2019
2672,9479000,13.47,2020
2673,9561000,16.46,2012
2674,9561000,15.12,2013
2675,9561000,14.63,2014
2676,9561000,15.51,2015
2677,9561000,15.59,2016
2678,9561000,15.57,2017
2679,9561000,15.91,2018
2680,9561000,16.02,2019
2681,9561000,15.96,2020
2682,9562000,13.04,2012
2683,9562000,12.45,2013
2684,9562000,12.12,2014
2685,9562000,12.4,2015
2686,9562000,12.46,2016
2687,9562000,12.58,2017
2688,9562000,12.63,2018
2689,9562000,12.8,2019
2690,9562000,12.72,2020
2691,9563000,14.89,2012
2692,9563000,14.21,2013
2693,9563000,14.06,2014
2694,9563000,14.69,2015
2695,9563000,14.68,2016
2696,9563000,14.51,2017
2697,9563000,14.6,2018
2698,9563000,14.8,2019
2699,9563000,14.76,2020
2700,9564000,14.75,2012
2701,9564000,14.28,2013
2702,9564000,14.3,2014
2703,9564000,14.53,2015
2704,9564000,14.69,2016
2705,9564000,14.84,2017
2706,9564000,15.01,2018
2707,9564000,15.17,2019
2708,9564000,15.12,2020
2709,9565000,13.77,2012
2710,9565000,12.46,2013
2711,9565000,12.16,2014
2712,9565000,11.91,2015
2713,9565000,12.36,2016
2714,9565000,12.45,2017
2715,9565000,12.47,2018
2716,9565000,12.13,2019
2717,9565000,12.28,2020
2718,9571000,14.74,2012
2719,9571000,12.92,2013
2720,9571000,12.44,2014
2721,9571000,12.66,2015
2722,9571000,12.66,2016
2723,9571000,12.47,2017
2724,9571000,12.54,2018
2725,9571000,12.39,2019
2726,9571000,12.36,2020
2727,9572000,11.61,2012
2728,9572000,10.47,2013
2729,9572000,10.32,2014
2730,9572000,10.83,2015
2731,9572000,10.72,2016
2732,9572000,10.69,2017
2733,9572000,10.82,2018
2734,9572000,10.67,2019
2735,9572000,10.45,2020
2736,9573000,11.24,2012
2737,9573000,10.2,2013
2738,9573000,10.17,2014
2739,9573000,10.12,2015
2740,9573000,10.07,2016
2741,9573000,10.15,2017
2742,9573000,10.15,2018
2743,9573000,10.33,2019
2744,9573000,10.16,2020
2745,9574000,11.69,2012
2746,9574000,10.46,2013
2747,9574000,10.27,2014
2748,9574000,10.83,2015
2749,9574000,10.76,2016
2750,9574000,10.78,2017
2751,9574000,10.71,2018
2752,9574000,10.8,2019
2753,9574000,10.85,2020
2754,9575000,13.33,2012
2755,9575000,12.01,2013
2756,9575000,11.67,2014
2757,9575000,12.06,2015
2758,9575000,12.01,2016
2759,9575000,11.91,2017
2760,9575000,12.03,2018
2761,9575000,12.04,2019
2762,9575000,12.03,2020
2763,9576000,12.24,2012
2764,9576000,10.66,2013
2765,9576000,10.34,2014
2766,9576000,10.65,2015
2767,9576000,10.67,2016
2768,9576000,10.54,2017
2769,9576000,10.64,2018
2770,9576000,10.62,2019
2771,9576000,10.4,2020
2772,9577000,14.61,2012
2773,9577000,12.78,2013
2774,9577000,12.5,2014
2775,9577000,13.1,2015
2776,9577000,13.07,2016
2777,9577000,12.98,2017
2778,9577000,12.99,2018
2779,9577000,12.89,2019
2780,9577000,12.38,2020
2781,9661000,13.63,2012
2782,9661000,13.07,2013
2783,9661000,12.93,2014
2784,9661000,13.05,2015
2785,9661000,13.58,2016
2786,9661000,13.77,2017
2787,9661000,13.81,2018
2788,9661000,13.96,2019
2789,9661000,14.03,2020
2790,9662000,15.31,2012
2791,9662000,14.46,2013
2792,9662000,14.45,2014
2793,9662000,15.92,2015
2794,9662000,15.79,2016
2795,9662000,16.12,2017
2796,9662000,16.65,2018
2797,9662000,16.81,2019
2798,9662000,16.36,2020
2799,9663000,12.53,2012
2800,9663000,11.4,2013
2801,9663000,11.36,2014
2802,9663000,11.61,2015
2803,9663000,11.82,2016
2804,9663000,11.96,2017
2805,9663000,12.36,2018
2806,9663000,12.56,2019
2807,9663000,12.51,2020
2808,9671000,11.28,2012
2809,9671000,10.15,2013
2810,9671000,10.05,2014
2811,9671000,10.3,2015
2812,9671000,10.49,2016
2813,9671000,10.45,2017
2814,9671000,10.51,2018
2815,9671000,10.45,2019
2816,9671000,10.41,2020
2817,9672000,12.21,2012
2818,9672000,10.63,2013
2819,9672000,10.46,2014
2820,9672000,11.4,2015
2821,9672000,11.27,2016
2822,9672000,10.99,2017
2823,9672000,10.91,2018
2824,9672000,10.93,2019
2825,9672000,10.82,2020
2826,9673000,12.65,2012
2827,9673000,10.78,2013
2828,9673000,10.44,2014
2829,9673000,11.16,2015
2830,9673000,11.02,2016
2831,9673000,11.07,2017
2832,9673000,11.04,2018
2833,9673000,10.77,2019
2834,9673000,10.39,2020
2835,9674000,14.06,2012
2836,9674000,12.47,2013
2837,9674000,12.25,2014
2838,9674000,12.73,2015
2839,9674000,12.47,2016
2840,9674000,12.08,2017
2841,9674000,12.01,2018
2842,9674000,11.68,2019
2843,9674000,11.23,2020
2844,9675000,13.3,2012
2845,9675000,12.04,2013
2846,9675000,11.94,2014
2847,9675000,11.81,2015
2848,9675000,11.78,2016
2849,9675000,11.71,2017
2850,9675000,11.85,2018
2851,9675000,11.91,2019
2852,9675000,11.63,2020
2853,9676000,15.2,2012
2854,9676000,13.71,2013
2855,9676000,13.39,2014
2856,9676000,13.51,2015
2857,9676000,13.64,2016
2858,9676000,13.62,2017
2859,9676000,13.75,2018
2860,9676000,13.59,2019
2861,9676000,13.51,2020
2862,9677000,13.27,2012
2863,9677000,11.68,2013
2864,9677000,11.56,2014
2865,9677000,11.54,2015
2866,9677000,11.38,2016
2867,9677000,11.54,2017
2868,9677000,11.37,2018
2869,9677000,11.37,2019
2870,9677000,11.32,2020
2871,9678000,12.55,2012
2872,9678000,10.9,2013
2873,9678000,10.84,2014
2874,9678000,10.95,2015
2875,9678000,10.55,2016
2876,9678000,10.55,2017
2877,9678000,10.66,2018
2878,9678000,10.24,2019
2879,9678000,9.82,2020
2880,9679000,10.01,2012
2881,9679000,8.64,2013
2882,9679000,8.71,2014
2883,9679000,9.23,2015
2884,9679000,9.09,2016
2885,9679000,9.17,2017
2886,9679000,9.35,2018
2887,9679000,9.42,2019
2888,9679000,9.3,2020
2889,9761000,16.04,2012
2890,9761000,14.57,2013
2891,9761000,14.66,2014
2892,9761000,14.62,2015
2893,9761000,14.52,2016
2894,9761000,14.57,2017
2895,9761000,14.69,2018
2896,9761000,15.17,2019
2897,9761000,15.19,2020
2898,9762000,14.18,2012
2899,9762000,12.98,2013
2900,9762000,13.01,2014
2901,9762000,14.0,2015
2902,9762000,14.53,2016
2903,9762000,14.37,2017
2904,9762000,14.83,2018
2905,9762000,14.84,2019
2906,9762000,14.58,2020
2907,9763000,15.66,2012
2908,9763000,14.25,2013
2909,9763000,14.0,2014
2910,9763000,14.92,2015
2911,9763000,14.94,2016
2912,9763000,14.85,2017
2913,9763000,15.17,2018
2914,9763000,15.32,2019
2915,9763000,15.16,2020
2916,9764000,16.49,2012
2917,9764000,14.77,2013
2918,9764000,14.9,2014
2919,9764000,15.66,2015
2920,9764000,15.67,2016
2921,9764000,16.38,2017
2922,9764000,16.78,2018
2923,9764000,16.97,2019
2924,9764000,16.27,2020
2925,9771000,11.28,2012
2926,9771000,9.48,2013
2927,9771000,9.31,2014
2928,9771000,9.4,2015
2929,9771000,9.32,2016
2930,9771000,9.25,2017
2931,9771000,9.27,2018
2932,9771000,9.17,2019
2933,9771000,9.13,2020
2934,9772000,12.01,2012
2935,9772000,10.48,2013
2936,9772000,10.33,2014
2937,9772000,10.56,2015
2938,9772000,10.48,2016
2939,9772000,10.5,2017
2940,9772000,10.56,2018
2941,9772000,10.71,2019
2942,9772000,10.66,2020
2943,9773000,15.99,2012
2944,9773000,13.92,2013
2945,9773000,13.53,2014
2946,9773000,14.3,2015
2947,9773000,14.25,2016
2948,9773000,14.03,2017
2949,9773000,14.04,2018
2950,9773000,14.02,2019
2951,9773000,13.79,2020
2952,9774000,13.46,2012
2953,9774000,12.37,2013
2954,9774000,12.45,2014
2955,9774000,13.46,2015
2956,9774000,13.56,2016
2957,9774000,13.7,2017
2958,9774000,13.59,2018
2959,9774000,13.63,2019
2960,9774000,13.32,2020
2961,9775000,14.66,2012
2962,9775000,13.3,2013
2963,9775000,13.1,2014
2964,9775000,13.71,2015
2965,9775000,13.62,2016
2966,9775000,13.7,2017
2967,9775000,13.77,2018
2968,9775000,13.73,2019
2969,9775000,13.53,2020
2970,9776000,13.06,2012
2971,9776000,11.56,2013
2972,9776000,11.56,2014
2973,9776000,12.24,2015
2974,9776000,12.15,2016
2975,9776000,12.06,2017
2976,9776000,12.46,2018
2977,9776000,12.31,2019
2978,9776000,11.98,2020
2979,9777000,12.21,2012
2980,9777000,10.46,2013
2981,9777000,10.15,2014
2982,9777000,10.55,2015
2983,9777000,10.48,2016
2984,9777000,10.41,2017
2985,9777000,10.35,2018
2986,9777000,10.18,2019
2987,9777000,10.07,2020
2988,9778000,13.25,2012
2989,9778000,11.19,2013
2990,9778000,11.05,2014
2991,9778000,11.65,2015
2992,9778000,11.33,2016
2993,9778000,11.34,2017
2994,9778000,11.17,2018
2995,9778000,11.14,2019
2996,9778000,10.96,2020
2997,9779000,13.64,2012
2998,9779000,11.65,2013
2999,9779000,11.55,2014
3000,9779000,12.47,2015
3001,9779000,12.17,2016
3002,9779000,12.0,2017
3003,9779000,12.0,2018
3004,9779000,12.15,2019
3005,9779000,11.94,2020
3006,9780000,11.72,2012
3007,9780000,9.88,2013
3008,9780000,9.53,2014
3009,9780000,9.99,2015
3010,9780000,9.82,2016
3011,9780000,9.89,2017
3012,9780000,9.84,2018
3013,9780000,9.78,2019
3014,9780000,9.64,2020
3015,10041000,14.5,2012
3016,10041000,13.15,2013
3017,10041000,13.22,2014
3018,10041000,13.81,2015
3019,10041000,13.79,2016
3020,10041000,14.01,2017
3021,10041000,14.42,2018
3022,10041000,14.73,2019
3023,10041000,14.63,2020
3024,10042000,15.37,2012
3025,10042000,13.92,2013
3026,10042000,13.68,2014
3027,10042000,13.48,2015
3028,10042000,13.26,2016
3029,10042000,13.33,2017
3030,10042000,13.65,2018
3031,10042000,13.57,2019
3032,10042000,13.31,2020
3033,10043000,14.69,2012
3034,10043000,13.27,2013
3035,10043000,12.94,2014
3036,10043000,13.19,2015
3037,10043000,13.23,2016
3038,10043000,13.21,2017
3039,10043000,13.54,2018
3040,10043000,13.68,2019
3041,10043000,13.7,2020
3042,10044000,15.5,2012
3043,10044000,14.1,2013
3044,10044000,14.03,2014
3045,10044000,13.97,2015
3046,10044000,13.69,2016
3047,10044000,13.76,2017
3048,10044000,13.93,2018
3049,10044000,13.87,2019
3050,10044000,13.49,2020
3051,10045000,14.09,2012
3052,10045000,13.03,2013
3053,10045000,12.92,2014
3054,10045000,12.98,2015
3055,10045000,12.67,2016
3056,10045000,12.6,2017
3057,10045000,12.73,2018
3058,10045000,12.66,2019
3059,10045000,12.74,2020
3060,10046000,12.54,2012
3061,10046000,11.32,2013
3062,10046000,11.19,2014
3063,10046000,11.21,2015
3064,10046000,11.17,2016
3065,10046000,11.24,2017
3066,10046000,11.03,2018
3067,10046000,10.99,2019
3068,10046000,10.94,2020
3069,11000000,10.69,2012
3070,11000000,10.23,2013
3071,11000000,10.27,2014
3072,11000000,10.68,2015
3073,11000000,10.77,2016
3074,11000000,11.08,2017
3075,11000000,11.26,2018
3076,11000000,11.49,2019
3077,11000000,11.54,2020
3078,12051000,6.71,2012
3079,12051000,5.95,2013
3080,12051000,5.79,2014
3081,12051000,7.13,2015
3082,12051000,7.44,2016
3083,12051000,7.8,2017
3084,12051000,8.03,2018
3085,12051000,8.84,2019
3086,12051000,9.26,2020
3087,12052000,6.38,2012
3088,12052000,5.53,2013
3089,12052000,5.46,2014
3090,12052000,6.76,2015
3091,12052000,6.92,2016
3092,12052000,7.12,2017
3093,12052000,7.45,2018
3094,12052000,7.59,2019
3095,12052000,7.79,2020
3096,12053000,6.03,2012
3097,12053000,5.22,2013
3098,12053000,5.42,2014
3099,12053000,5.88,2015
3100,12053000,6.28,2016
3101,12053000,6.86,2017
3102,12053000,7.65,2018
3103,12053000,7.59,2019
3104,12053000,7.84,2020
3105,12054000,7.01,2012
3106,12054000,6.25,2013
3107,12054000,6.27,2014
3108,12054000,6.81,2015
3109,12054000,6.92,2016
3110,12054000,7.26,2017
3111,12054000,7.69,2018
3112,12054000,8.19,2019
3113,12054000,8.66,2020
3114,12060000,6.31,2012
3115,12060000,5.54,2013
3116,12060000,5.55,2014
3117,12060000,6.26,2015
3118,12060000,6.44,2016
3119,12060000,6.63,2017
3120,12060000,6.91,2018
3121,12060000,7.22,2019
3122,12060000,7.4,2020
3123,12061000,6.49,2012
3124,12061000,5.81,2013
3125,12061000,5.71,2014
3126,12061000,6.06,2015
3127,12061000,6.2,2016
3128,12061000,6.31,2017
3129,12061000,6.58,2018
3130,12061000,6.79,2019
3131,12061000,7.1,2020
3132,12062000,5.17,2012
3133,12062000,4.28,2013
3134,12062000,4.12,2014
3135,12062000,4.15,2015
3136,12062000,4.49,2016
3137,12062000,4.59,2017
3138,12062000,4.78,2018
3139,12062000,4.92,2019
3140,12062000,5.16,2020
3141,12063000,7.59,2012
3142,12063000,6.83,2013
3143,12063000,6.93,2014
3144,12063000,7.35,2015
3145,12063000,7.57,2016
3146,12063000,7.81,2017
3147,12063000,8.16,2018
3148,12063000,8.58,2019
3149,12063000,8.8,2020
3150,12064000,5.93,2012
3151,12064000,5.24,2013
3152,12064000,5.31,2014
3153,12064000,6.02,2015
3154,12064000,6.24,2016
3155,12064000,6.48,2017
3156,12064000,6.77,2018
3157,12064000,7.06,2019
3158,12064000,7.4,2020
3159,12065000,7.2,2012
3160,12065000,6.5,2013
3161,12065000,6.49,2014
3162,12065000,6.97,2015
3163,12065000,7.13,2016
3164,12065000,7.34,2017
3165,12065000,7.73,2018
3166,12065000,8.05,2019
3167,12065000,8.27,2020
3168,12066000,5.48,2012
3169,12066000,4.47,2013
3170,12066000,4.34,2014
3171,12066000,5.18,2015
3172,12066000,5.41,2016
3173,12066000,5.61,2017
3174,12066000,5.94,2018
3175,12066000,6.24,2019
3176,12066000,6.56,2020
3177,12067000,5.51,2012
3178,12067000,4.62,2013
3179,12067000,4.71,2014
3180,12067000,5.49,2015
3181,12067000,5.78,2016
3182,12067000,6.0,2017
3183,12067000,6.2,2018
3184,12067000,6.57,2019
3185,12067000,6.95,2020
3186,12068000,6.7,2012
3187,12068000,5.82,2013
3188,12068000,5.68,2014
3189,12068000,6.87,2015
3190,12068000,7.05,2016
3191,12068000,7.37,2017
3192,12068000,7.68,2018
3193,12068000,7.95,2019
3194,12068000,8.32,2020
3195,12069000,6.12,2012
3196,12069000,5.36,2013
3197,12069000,5.25,2014
3198,12069000,6.12,2015
3199,12069000,6.51,2016
3200,12069000,6.65,2017
3201,12069000,6.84,2018
3202,12069000,7.09,2019
3203,12069000,7.31,2020
3204,12070000,5.84,2012
3205,12070000,5.01,2013
3206,12070000,4.98,2014
3207,12070000,5.7,2015
3208,12070000,6.35,2016
3209,12070000,6.51,2017
3210,12070000,6.74,2018
3211,12070000,7.13,2019
3212,12070000,7.46,2020
3213,12071000,5.45,2012
3214,12071000,4.47,2013
3215,12071000,4.35,2014
3216,12071000,5.62,2015
3217,12071000,5.95,2016
3218,12071000,6.03,2017
3219,12071000,6.19,2018
3220,12071000,6.39,2019
3221,12071000,6.74,2020
3222,12072000,7.22,2012
3223,12072000,6.51,2013
3224,12072000,6.44,2014
3225,12072000,7.13,2015
3226,12072000,7.4,2016
3227,12072000,7.67,2017
3228,12072000,7.9,2018
3229,12072000,8.2,2019
3230,12072000,8.32,2020
3231,12073000,6.15,2012
3232,12073000,5.04,2013
3233,12073000,4.97,2014
3234,12073000,5.87,2015
3235,12073000,6.19,2016
3236,12073000,6.32,2017
3237,12073000,6.57,2018
3238,12073000,7.07,2019
3239,12073000,7.44,2020
3240,13003000,7.13,2012
3241,13003000,6.14,2013
3242,13003000,6.04,2014
3243,13003000,7.2,2015
3244,13003000,7.45,2016
3245,13003000,7.76,2017
3246,13003000,8.22,2018
3247,13003000,8.78,2019
3248,13003000,9.28,2020
3249,13004000,6.36,2012
3250,13004000,5.72,2013
3251,13004000,6.0,2014
3252,13004000,6.18,2015
3253,13004000,6.39,2016
3254,13004000,6.88,2017
3255,13004000,7.36,2018
3256,13004000,7.99,2019
3257,13004000,8.1,2020
3258,13071000,5.76,2012
3259,13071000,4.92,2013
3260,13071000,4.84,2014
3261,13071000,5.74,2015
3262,13071000,5.96,2016
3263,13071000,6.21,2017
3264,13071000,6.56,2018
3265,13071000,6.99,2019
3266,13071000,7.37,2020
3267,13072000,5.42,2012
3268,13072000,4.58,2013
3269,13072000,4.46,2014
3270,13072000,5.14,2015
3271,13072000,5.22,2016
3272,13072000,5.37,2017
3273,13072000,5.49,2018
3274,13072000,5.74,2019
3275,13072000,6.0,2020
3276,13073000,5.24,2012
3277,13073000,4.49,2013
3278,13073000,4.54,2014
3279,13073000,5.54,2015
3280,13073000,5.7,2016
3281,13073000,5.86,2017
3282,13073000,6.21,2018
3283,13073000,6.65,2019
3284,13073000,6.85,2020
3285,13074000,6.2,2012
3286,13074000,5.44,2013
3287,13074000,5.57,2014
3288,13074000,6.6,2015
3289,13074000,6.82,2016
3290,13074000,6.99,2017
3291,13074000,7.24,2018
3292,13074000,7.53,2019
3293,13074000,7.82,2020
3294,13075000,5.73,2012
3295,13075000,4.92,2013
3296,13075000,4.89,2014
3297,13075000,6.6,2015
3298,13075000,6.76,2016
3299,13075000,7.12,2017
3300,13075000,7.42,2018
3301,13075000,7.76,2019
3302,13075000,8.03,2020
3303,13076000,5.84,2012
3304,13076000,5.17,2013
3305,13076000,5.35,2014
3306,13076000,6.39,2015
3307,13076000,6.44,2016
3308,13076000,6.63,2017
3309,13076000,7.04,2018
3310,13076000,7.53,2019
3311,13076000,7.66,2020
3312,14511000,6.02,2012
3313,14511000,4.91,2013
3314,14511000,4.86,2014
3315,14511000,5.91,2015
3316,14511000,6.13,2016
3317,14511000,6.51,2017
3318,14511000,6.92,2018
3319,14511000,7.2,2019
3320,14511000,7.58,2020
3321,14521000,5.0,2012
3322,14521000,4.12,2013
3323,14521000,4.08,2014
3324,14521000,4.79,2015
3325,14521000,5.1,2016
3326,14521000,5.32,2017
3327,14521000,5.49,2018
3328,14521000,5.7,2019
3329,14521000,5.8,2020
3330,14522000,4.94,2012
3331,14522000,4.1,2013
3332,14522000,4.06,2014
3333,14522000,4.66,2015
3334,14522000,4.97,2016
3335,14522000,5.13,2017
3336,14522000,5.31,2018
3337,14522000,5.58,2019
3338,14522000,5.83,2020
3339,14523000,5.11,2012
3340,14523000,4.39,2013
3341,14523000,4.23,2014
3342,14523000,5.22,2015
3343,14523000,5.45,2016
3344,14523000,5.71,2017
3345,14523000,5.96,2018
3346,14523000,6.2,2019
3347,14523000,6.38,2020
3348,14524000,5.34,2012
3349,14524000,4.44,2013
3350,14524000,4.22,2014
3351,14524000,5.39,2015
3352,14524000,5.57,2016
3353,14524000,5.76,2017
3354,14524000,6.14,2018
3355,14524000,6.36,2019
3356,14524000,6.64,2020
3357,14612000,6.6,2012
3358,14612000,5.66,2013
3359,14612000,5.64,2014
3360,14612000,6.24,2015
3361,14612000,6.4,2016
3362,14612000,6.7,2017
3363,14612000,7.08,2018
3364,14612000,7.6,2019
3365,14612000,7.86,2020
3366,14625000,5.25,2012
3367,14625000,4.34,2013
3368,14625000,4.18,2014
3369,14625000,4.88,2015
3370,14625000,5.24,2016
3371,14625000,5.38,2017
3372,14625000,5.52,2018
3373,14625000,5.68,2019
3374,14625000,5.87,2020
3375,14626000,5.7,2012
3376,14626000,4.67,2013
3377,14626000,4.52,2014
3378,14626000,5.06,2015
3379,14626000,5.46,2016
3380,14626000,5.58,2017
3381,14626000,5.77,2018
3382,14626000,5.99,2019
3383,14626000,6.25,2020
3384,14627000,5.18,2012
3385,14627000,4.29,2013
3386,14627000,4.19,2014
3387,14627000,4.82,2015
3388,14627000,4.97,2016
3389,14627000,5.24,2017
3390,14627000,5.56,2018
3391,14627000,5.78,2019
3392,14627000,6.04,2020
3393,14628000,5.27,2012
3394,14628000,4.38,2013
3395,14628000,4.41,2014
3396,14628000,5.31,2015
3397,14628000,5.47,2016
3398,14628000,5.69,2017
3399,14628000,6.0,2018
3400,14628000,6.24,2019
3401,14628000,6.46,2020
3402,14713000,7.29,2012
3403,14713000,6.04,2013
3404,14713000,6.01,2014
3405,14713000,6.7,2015
3406,14713000,6.84,2016
3407,14713000,7.34,2017
3408,14713000,7.89,2018
3409,14713000,8.52,2019
3410,14713000,8.82,2020
3411,14729000,5.36,2012
3412,14729000,4.52,2013
3413,14729000,4.46,2014
3414,14729000,5.22,2015
3415,14729000,5.37,2016
3416,14729000,5.49,2017
3417,14729000,5.73,2018
3418,14729000,5.93,2019
3419,14729000,6.02,2020
3420,14730000,5.72,2012
3421,14730000,4.67,2013
3422,14730000,4.55,2014
3423,14730000,5.59,2015
3424,14730000,5.79,2016
3425,14730000,6.07,2017
3426,14730000,6.34,2018
3427,14730000,6.58,2019
3428,14730000,6.86,2020
3429,15001000,5.59,2012
3430,15001000,4.78,2013
3431,15001000,4.71,2014
3432,15001000,5.73,2015
3433,15001000,5.9,2016
3434,15001000,5.94,2017
3435,15001000,6.29,2018
3436,15001000,6.67,2019
3437,15001000,6.86,2020
3438,15002000,7.71,2012
3439,15002000,6.59,2013
3440,15002000,6.42,2014
3441,15002000,7.45,2015
3442,15002000,7.82,2016
3443,15002000,8.34,2017
3444,15002000,8.86,2018
3445,15002000,9.5,2019
3446,15002000,10.15,2020
3447,15003000,7.21,2012
3448,15003000,6.27,2013
3449,15003000,6.25,2014
3450,15003000,6.72,2015
3451,15003000,6.93,2016
3452,15003000,7.39,2017
3453,15003000,7.89,2018
3454,15003000,8.4,2019
3455,15003000,8.76,2020
3456,15081000,5.99,2012
3457,15081000,5.02,2013
3458,15081000,4.91,2014
3459,15081000,6.5,2015
3460,15081000,6.66,2016
3461,15081000,6.68,2017
3462,15081000,6.8,2018
3463,15081000,7.12,2019
3464,15081000,7.26,2020
3465,15082000,6.0,2012
3466,15082000,4.97,2013
3467,15082000,4.76,2014
3468,15082000,5.44,2015
3469,15082000,5.63,2016
3470,15082000,5.74,2017
3471,15082000,5.97,2018
3472,15082000,6.3,2019
3473,15082000,6.57,2020
3474,15083000,5.79,2012
3475,15083000,5.1,2013
3476,15083000,5.04,2014
3477,15083000,5.87,2015
3478,15083000,5.91,2016
3479,15083000,6.08,2017
3480,15083000,6.3,2018
3481,15083000,6.45,2019
3482,15083000,6.59,2020
3483,15084000,5.72,2012
3484,15084000,4.76,2013
3485,15084000,4.65,2014
3486,15084000,4.94,2015
3487,15084000,5.23,2016
3488,15084000,5.65,2017
3489,15084000,6.1,2018
3490,15084000,6.44,2019
3491,15084000,6.84,2020
3492,15085000,5.77,2012
3493,15085000,4.91,2013
3494,15085000,4.8,2014
3495,15085000,4.97,2015
3496,15085000,5.22,2016
3497,15085000,5.57,2017
3498,15085000,5.63,2018
3499,15085000,5.82,2019
3500,15085000,5.99,2020
3501,15086000,5.3,2012
3502,15086000,4.57,2013
3503,15086000,4.57,2014
3504,15086000,5.4,2015
3505,15086000,5.65,2016
3506,15086000,5.6,2017
3507,15086000,5.89,2018
3508,15086000,6.34,2019
3509,15086000,6.59,2020
3510,15087000,5.61,2012
3511,15087000,4.76,2013
3512,15087000,4.48,2014
3513,15087000,6.39,2015
3514,15087000,6.49,2016
3515,15087000,6.55,2017
3516,15087000,6.7,2018
3517,15087000,6.71,2019
3518,15087000,6.95,2020
3519,15088000,5.76,2012
3520,15088000,4.79,2013
3521,15088000,4.6,2014
3522,15088000,5.57,2015
3523,15088000,5.76,2016
3524,15088000,5.98,2017
3525,15088000,6.09,2018
3526,15088000,6.29,2019
3527,15088000,6.57,2020
3528,15089000,6.45,2012
3529,15089000,5.49,2013
3530,15089000,5.42,2014
3531,15089000,6.37,2015
3532,15089000,6.42,2016
3533,15089000,6.66,2017
3534,15089000,6.77,2018
3535,15089000,7.0,2019
3536,15089000,7.27,2020
3537,15090000,6.04,2012
3538,15090000,4.86,2013
3539,15090000,4.46,2014
3540,15090000,5.93,2015
3541,15090000,6.22,2016
3542,15090000,6.28,2017
3543,15090000,6.44,2018
3544,15090000,6.75,2019
3545,15090000,6.96,2020
3546,15091000,5.46,2012
3547,15091000,4.48,2013
3548,15091000,4.41,2014
3549,15091000,5.2,2015
3550,15091000,5.27,2016
3551,15091000,5.38,2017
3552,15091000,5.55,2018
3553,15091000,5.84,2019
3554,15091000,6.07,2020
3555,16051000,6.56,2012
3556,16051000,5.59,2013
3557,16051000,5.55,2014
3558,16051000,6.45,2015
3559,16051000,6.67,2016
3560,16051000,7.15,2017
3561,16051000,7.8,2018
3562,16051000,8.14,2019
3563,16051000,8.45,2020
3564,16052000,5.48,2012
3565,16052000,4.61,2013
3566,16052000,4.56,2014
3567,16052000,4.66,2015
3568,16052000,4.94,2016
3569,16052000,5.32,2017
3570,16052000,6.19,2018
3571,16052000,6.78,2019
3572,16052000,7.15,2020
3573,16053000,5.67,2012
3574,16053000,4.65,2013
3575,16053000,4.51,2014
3576,16053000,5.12,2015
3577,16053000,5.28,2016
3578,16053000,5.75,2017
3579,16053000,6.35,2018
3580,16053000,6.77,2019
3581,16053000,6.91,2020
3582,16054000,4.8,2012
3583,16054000,4.02,2013
3584,16054000,4.2,2014
3585,16054000,5.59,2015
3586,16054000,5.98,2016
3587,16054000,6.1,2017
3588,16054000,6.49,2018
3589,16054000,7.0,2019
3590,16054000,7.6,2020
3591,16055000,5.85,2012
3592,16055000,4.97,2013
3593,16055000,5.01,2014
3594,16055000,6.32,2015
3595,16055000,6.77,2016
3596,16055000,6.84,2017
3597,16055000,7.23,2018
3598,16055000,7.49,2019
3599,16055000,7.63,2020
3600,16056000,7.31,2012
3601,16056000,6.32,2013
3602,16056000,6.28,2014
3603,16056000,8.09,2015
3604,16056000,8.34,2016
3605,16056000,8.54,2017
3606,16056000,8.91,2018
3607,16056000,9.66,2019
3608,16056000,10.14,2020
3609,16061000,6.13,2012
3610,16061000,4.93,2013
3611,16061000,4.82,2014
3612,16061000,5.77,2015
3613,16061000,5.96,2016
3614,16061000,6.09,2017
3615,16061000,6.45,2018
3616,16061000,6.57,2019
3617,16061000,6.5,2020
3618,16062000,6.22,2012
3619,16062000,5.14,2013
3620,16062000,4.98,2014
3621,16062000,6.37,2015
3622,16062000,6.41,2016
3623,16062000,6.66,2017
3624,16062000,6.95,2018
3625,16062000,7.3,2019
3626,16062000,7.38,2020
3627,16063000,6.07,2012
3628,16063000,5.05,2013
3629,16063000,4.99,2014
3630,16063000,5.38,2015
3631,16063000,5.43,2016
3632,16063000,5.5,2017
3633,16063000,5.82,2018
3634,16063000,6.09,2019
3635,16063000,6.15,2020
3636,16064000,5.74,2012
3637,16064000,4.8,2013
3638,16064000,4.73,2014
3639,16064000,5.29,2015
3640,16064000,5.37,2016
3641,16064000,5.43,2017
3642,16064000,5.66,2018
3643,16064000,5.83,2019
3644,16064000,5.93,2020
3645,16065000,6.51,2012
3646,16065000,5.38,2013
3647,16065000,5.07,2014
3648,16065000,6.07,2015
3649,16065000,6.25,2016
3650,16065000,6.2,2017
3651,16065000,6.42,2018
3652,16065000,6.2,2019
3653,16065000,6.21,2020
3654,16066000,5.47,2012
3655,16066000,4.65,2013
3656,16066000,4.78,2014
3657,16066000,5.23,2015
3658,16066000,5.27,2016
3659,16066000,5.4,2017
3660,16066000,5.64,2018
3661,16066000,5.98,2019
3662,16066000,6.32,2020
3663,16067000,5.89,2012
3664,16067000,5.16,2013
3665,16067000,5.05,2014
3666,16067000,5.91,2015
3667,16067000,6.27,2016
3668,16067000,6.38,2017
3669,16067000,6.99,2018
3670,16067000,7.53,2019
3671,16067000,8.03,2020
3672,16068000,6.73,2012
3673,16068000,5.74,2013
3674,16068000,5.48,2014
3675,16068000,6.94,2015
3676,16068000,6.96,2016
3677,16068000,7.34,2017
3678,16068000,7.6,2018
3679,16068000,7.16,2019
3680,16068000,7.21,2020
3681,16069000,5.47,2012
3682,16069000,4.44,2013
3683,16069000,4.43,2014
3684,16069000,5.63,2015
3685,16069000,5.84,2016
3686,16069000,5.95,2017
3687,16069000,6.4,2018
3688,16069000,6.51,2019
3689,16069000,7.0,2020
3690,16070000,5.72,2012
3691,16070000,4.77,2013
3692,16070000,4.62,2014
3693,16070000,5.71,2015
3694,16070000,6.18,2016
3695,16070000,6.47,2017
3696,16070000,6.8,2018
3697,16070000,7.11,2019
3698,16070000,7.46,2020
3699,16071000,5.17,2012
3700,16071000,4.26,2013
3701,16071000,4.39,2014
3702,16071000,5.76,2015
3703,16071000,6.02,2016
3704,16071000,6.12,2017
3705,16071000,6.43,2018
3706,16071000,6.34,2019
3707,16071000,6.84,2020
3708,16072000,7.43,2012
3709,16072000,6.41,2013
3710,16072000,6.45,2014
3711,16072000,7.32,2015
3712,16072000,7.48,2016
3713,16072000,7.85,2017
3714,16072000,8.33,2018
3715,16072000,8.51,2019
3716,16072000,8.75,2020
3717,16073000,5.75,2012
3718,16073000,4.92,2013
3719,16073000,4.9,2014
3720,16073000,6.09,2015
3721,16073000,6.16,2016
3722,16073000,6.4,2017
3723,16073000,6.77,2018
3724,16073000,6.93,2019
3725,16073000,7.01,2020
3726,16074000,5.21,2012
3727,16074000,4.19,2013
3728,16074000,4.05,2014
3729,16074000,4.37,2015
3730,16074000,4.58,2016
3731,16074000,4.94,2017
3732,16074000,5.06,2018
3733,16074000,5.38,2019
3734,16074000,5.53,2020
3735,16075000,5.16,2012
3736,16075000,4.36,2013
3737,16075000,4.33,2014
3738,16075000,5.66,2015
3739,16075000,5.87,2016
3740,16075000,5.81,2017
3741,16075000,6.11,2018
3742,16075000,6.45,2019
3743,16075000,6.69,2020
3744,16076000,4.57,2012
3745,16076000,3.76,2013
3746,16076000,3.7,2014
3747,16076000,4.69,2015
3748,16076000,4.89,2016
3749,16076000,4.98,2017
3750,16076000,5.24,2018
3751,16076000,5.46,2019
3752,16076000,5.47,2020
3753,16077000,5.74,2012
3754,16077000,4.8,2013
3755,16077000,4.7,2014
3756,16077000,4.89,2015
3757,16077000,5.11,2016
3758,16077000,5.29,2017
3759,16077000,5.52,2018
3760,16077000,5.77,2019
3761,16077000,5.86,2020
